SYMBOL,SERIES,OPEN,HIGH,LOW,CLOSE,LAST,PREVCLOSE,TOTTRDQTY,TOTTRDVAL,TIMESTAMP,TOTALTRADES,ISIN,
20MICRONS,EQ,33.4,33.4,31.75,31.85,31.85,33.7,57536,1848750.2,26-DEC-2016,364,INE144J01027,
3IINFOTECH,EQ,5.4,5.8,5.3,5.35,5.35,5.45,1117376,6052509.7,26-DEC-2016,584,INE748C01020,
3MINDIA,EQ,10460,10460,10150.15,10162.1,10150.15,10301.45,400,4096098.3,26-DEC-2016,170,INE470A01017,
8KMILES,EQ,656.05,658.55,630,632.35,632,656.05,25468,16248122.8,26-DEC-2016,2372,INE650K01021,
A2ZINFRA,EQ,40.8,40.8,38.15,38.8,38.35,40.85,543242,21561510.2,26-DEC-2016,3733,INE619I01012,
AARTIDRUGS,EQ,603.15,603.15,573,576.8,576.15,603.15,24339,14125325.35,26-DEC-2016,1400,INE767A01016,
AARTIIND,EQ,703.95,703.95,675,684,676,701.4,18102,12492497.2,26-DEC-2016,2154,INE769A01020,
AARVEEDEN,EQ,79.05,80.8,76,76.5,76,79.5,18043,1411564.45,26-DEC-2016,406,INE273D01019,
ABAN,EQ,223.25,225.45,218,219.4,218.5,224.15,956241,211508475.95,26-DEC-2016,13062,INE421A01028,
ABB,EQ,1028,1039,1017.55,1031.85,1034.75,1026.4,19076,19637582.3,26-DEC-2016,1079,INE117A01022,
ABBOTINDIA,EQ,4672.55,4672.55,4525,4557.45,4526.7,4655.45,736,3379444.55,26-DEC-2016,211,INE358A01014,
ABFRL,EQ,131,131.85,129.5,130.1,130,131.9,615866,80621106.45,26-DEC-2016,1467,INE647O01011,
ABGSHIP,EQ,29.65,30.3,28.5,28.8,29.1,30.15,229309,6671923.6,26-DEC-2016,1684,INE067H01016,
ABIRLANUVO,EQ,1199.5,1199.5,1175,1178.9,1177,1198.4,159814,189224973.25,26-DEC-2016,7132,INE069A01017,
ACC,EQ,1293.65,1295,1278.4,1284.1,1291.5,1296.3,128460,165416497.55,26-DEC-2016,9521,INE012A01025,
ACCELYA,EQ,1420,1445,1385.15,1439.65,1445,1424,435,621945,26-DEC-2016,59,INE793A01012,
ACE,EQ,44.85,45,43.5,43.9,43.6,45.05,209426,9282123.6,26-DEC-2016,1062,INE731H01025,
ACROPETAL,BZ,1.25,1.25,1.25,1.25,1.25,1.3,100,125,26-DEC-2016,1,INE055L01013,
ADANIENT,EQ,70.7,71.35,69.05,69.7,69.3,71.35,946524,66148577.25,26-DEC-2016,4261,INE423A01024,
ADANIPORTS,EQ,262,262,257.25,260,260.5,262.9,2684615,695996145.85,26-DEC-2016,27359,INE742F01042,
ADANIPOWER,EQ,29.15,29.2,27.75,27.9,27.9,29.15,5153924,146218256.85,26-DEC-2016,7057,INE814H01011,
ADANITRANS,EQ,53.9,53.9,51.3,51.7,51.9,53.5,516454,26984145.95,26-DEC-2016,3510,INE931S01010,
ADFFOODS,EQ,140.05,140.05,133.4,135.05,134.25,137.55,48435,6543377.5,26-DEC-2016,703,INE982B01019,
ADHUNIK,EQ,6.9,7.1,6.9,6.95,6.95,7.15,22658,157790.5,26-DEC-2016,36,INE400H01019,
ADHUNIKIND,EQ,101.15,107.9,101.15,105.3,107.7,105.55,37049,3927346.85,26-DEC-2016,129,INE452L01012,
ADI,EQ,481.65,493.8,471,475.7,472,490.7,2540,1220766.35,26-DEC-2016,236,INE959A01019,
ADLABS,EQ,74.5,74.5,70.5,71.35,70.9,74,127186,9139299.7,26-DEC-2016,1477,INE172N01012,
ADORWELD,EQ,290,292.05,278.85,281.85,281.95,290.3,2198,623735.9,26-DEC-2016,113,INE045A01017,
ADSL,BE,36.4,36.4,34.65,34.65,34.65,36.45,59710,2082526.05,26-DEC-2016,285,INE102I01027,
ADVANIHOTR,EQ,49.4,49.4,49.4,49.4,49.4,49.55,250,12350,26-DEC-2016,2,INE199C01026,
ADVENZYMES,EQ,1909.8,1909.8,1831,1835,1836.95,1914.4,83338,155525450.6,26-DEC-2016,7007,INE837H01012,
AEGISCHEM,EQ,134.85,134.85,128.85,130.25,129.65,134.35,163047,21330648.75,26-DEC-2016,3431,INE208C01025,
AFL,EQ,53.65,55,52.25,53.4,52.5,55.45,6774,363365.4,26-DEC-2016,89,INE020G01017,
AGARIND,EQ,335.05,339.5,324.05,329.35,329,340,11571,3849573.7,26-DEC-2016,298,INE204E01012,
AGCNET,EQ,86.6,89.85,86.6,88.7,88.05,90.45,10865,957626.4,26-DEC-2016,98,INE676A01019,
AGRITECH,EQ,32.35,32.85,30.85,31.2,32.8,31.8,1432,45944.05,26-DEC-2016,32,INE449G01018,
AGROPHOS,SM,20.1,20.1,19.5,19.5,19.5,20.4,18000,355200,26-DEC-2016,3,INE740V01019,
AHLEAST,EQ,195.2,200,190,196,196,199.2,1227,243719.8,26-DEC-2016,20,INE926K01017,
AHLUCONT,EQ,257.25,260,246.2,258.05,256.2,250,12964,3231089.45,26-DEC-2016,481,INE758C01029,
AHLWEST,EQ,207.55,210.05,207.55,210,210,210,484,101628,26-DEC-2016,17,INE915K01010,
AIAENG,EQ,1265,1268.85,1254,1263.55,1265.95,1275.2,6382,8054004.25,26-DEC-2016,1112,INE212H01026,
AICHAMP,BE,26.05,26.05,26.05,26.05,26.05,27.4,1,26.05,26-DEC-2016,1,INE768E01024,
AIFL,EQ,427.35,427.35,403.6,408.05,406,428.05,128237,52962327.8,26-DEC-2016,1192,INE428O01016,
AJANTPHARM,EQ,1750,1750,1677.35,1688.45,1683,1753.75,101311,172015864.95,26-DEC-2016,9726,INE031B01049,
AJMERA,EQ,137.1,139.9,127.3,132.2,132.5,139.15,51889,6897136.55,26-DEC-2016,1073,INE298G01027,
AKSHOPTFBR,EQ,23.8,23.8,22.95,23.1,22.95,23.95,1342495,31270640.15,26-DEC-2016,4058,INE523B01011,
AKZOINDIA,EQ,1372,1387,1360,1372.35,1366.1,1372.3,5040,6909085.95,26-DEC-2016,876,INE133A01011,
ALANKIT,EQ,32.7,33,30,30.5,30,32.55,1221722,38490354.1,26-DEC-2016,2646,INE914E01040,
ALBERTDAVD,EQ,329.2,329.2,314.85,317.3,317,330.4,3564,1136039.95,26-DEC-2016,159,INE155C01010,
ALBK,EQ,60.2,60.5,57.3,57.65,57.8,60.55,2383177,139909184.75,26-DEC-2016,9846,INE428A01015,
ALCHEM,EQ,22.25,22.25,21.55,21.95,22.2,21.95,4061,88912.25,26-DEC-2016,45,INE964B01033,
ALEMBICLTD,EQ,35.2,36.35,35.15,35.55,35.4,35.45,76445,2725609.1,26-DEC-2016,517,INE426A01027,
ALICON,EQ,345.4,353.35,341.4,346.2,349.5,350.55,3700,1281397,26-DEC-2016,74,INE062D01024,
ALKALI,EQ,69.3,71.95,66.3,67.5,67.3,70.7,14357,976848.45,26-DEC-2016,255,INE773I01017,
ALKEM,EQ,1594.95,1594.95,1532.25,1546.1,1545,1601.2,18666,29076729.5,26-DEC-2016,2926,INE540L01014,
ALKYLAMINE,EQ,302,302,288,293.5,294.45,294.4,3348,982243.8,26-DEC-2016,130,INE150B01021,
ALLCARGO,EQ,177.7,177.7,170.05,173.7,175.75,176.95,48293,8397048.4,26-DEC-2016,2468,INE418H01029,
ALLSEC,EQ,355.3,357,333,335.25,335,356.85,19258,6619000.75,26-DEC-2016,921,INE835G01018,
ALMONDZ,EQ,13.35,14.3,13.35,13.65,13.6,14.1,4424,60389.15,26-DEC-2016,14,INE326B01027,
ALOKTEXT,EQ,3.15,3.45,2.95,3.2,3.2,3.1,9657637,31289582.55,26-DEC-2016,2587,INE270A01011,
ALPA,BE,31.7,31.7,29,29.2,29.2,30.4,7801,227970.65,26-DEC-2016,40,INE385I01010,
ALPHAGEO,EQ,973.1,977,940,948.3,951,974.6,8332,7935860.75,26-DEC-2016,1141,INE137C01018,
ALPSINDUS,EQ,8.65,8.65,8.2,8.3,8.3,8.75,82673,690757.65,26-DEC-2016,203,INE093B01015,
AMARAJABAT,EQ,887,887,867.7,873,872.55,887.05,140523,122870672.3,26-DEC-2016,6131,INE885A01032,
AMBIKCO,EQ,1020,1029,1000,1010.2,1012.4,1032.3,8237,8270787.3,26-DEC-2016,424,INE540G01014,
AMBUJACEM,EQ,199.8,200.9,197,198.35,199.95,200.05,688512,136468137.5,26-DEC-2016,22712,INE079A01024,
AMDIND,EQ,29.5,29.5,27.55,28.85,29.4,29.2,4866,138071.75,26-DEC-2016,128,INE005I01014,
AMRUTANJAN,EQ,510,535,510,513.75,514.1,514,7574,3933754.35,26-DEC-2016,746,INE098F01023,
AMTEKAUTO,EQ,33,33.3,31.4,31.75,31.95,32.9,1304419,41747956.65,26-DEC-2016,4572,INE130C01021,
AMTL,EQ,27.5,29.45,27.05,28.15,27.05,28.1,3930,112213.85,26-DEC-2016,41,INE436N01029,
ANANTRAJ,EQ,37.7,37.7,36.5,36.85,36.8,38.05,225244,8401792.25,26-DEC-2016,1298,INE242C01024,
ANDHRABANK,EQ,48.3,48.35,46,46.45,46.05,48.5,1311829,61957516.5,26-DEC-2016,5044,INE434A01013,
ANDHRACEMT,EQ,7.2,7.2,6.85,6.95,7,7.2,69379,483951.5,26-DEC-2016,210,INE666E01012,
ANDHRSUGAR,EQ,203.95,206.85,200.05,200.6,201.45,206.2,33636,6824445.4,26-DEC-2016,850,INE715B01013,
ANGIND,EQ,10.95,11.05,10.85,10.85,10.85,11.4,29778,325597.85,26-DEC-2016,116,INE017D01010,
ANIKINDS,BE,24.05,25,23.95,25,25,25.2,2516,61502.3,26-DEC-2016,9,INE087B01017,
ANKITMETAL,EQ,1.7,1.75,1.65,1.7,1.7,1.7,21031,35584.65,26-DEC-2016,34,INE106I01010,
ANSALAPI,EQ,14.4,14.5,13.7,14.2,14.3,14.15,252893,3559872.95,26-DEC-2016,501,INE436A01026,
ANSALHSG,EQ,17.75,18.5,17.7,18.35,18.35,18.45,5175,93223.65,26-DEC-2016,57,INE880B01015,
ANTGRAPHIC,BE,1.05,1.05,1.05,1.05,1.05,1.1,4468,4691.4,26-DEC-2016,6,INE414B01021,
APARINDS,EQ,589.4,589.4,560.2,565.3,561,571.15,34915,20040012,26-DEC-2016,3196,INE372A01015,
APCOTEXIND,EQ,290,291.25,284,287.5,289.95,291.2,11236,3219273.5,26-DEC-2016,257,INE116A01024,
APLAPOLLO,EQ,895,903.95,876,882.05,886.95,891.15,6651,5891633.65,26-DEC-2016,514,INE702C01019,
APLLTD,EQ,607.5,614.85,598.55,607.8,607.2,614.5,29969,18221208.3,26-DEC-2016,1716,INE901L01018,
APOLLOHOSP,EQ,1135,1136.75,1111.6,1126,1125.2,1136.4,129792,145822549.5,26-DEC-2016,13290,INE437A01024,
APOLLOTYRE,EQ,189,189.35,183.9,185.2,185.2,189.35,1303544,241717688.15,26-DEC-2016,11065,INE438A01022,
APTECHT,EQ,150.25,150.25,142.35,144.35,143,151.6,222785,32605086.8,26-DEC-2016,2971,INE266F01018,
ARCHIDPLY,EQ,52.1,52.9,50.9,51,51,52.8,24997,1291060.05,26-DEC-2016,315,INE877I01016,
ARCHIES,EQ,25.1,25.2,23.65,23.8,24,25,70986,1706957.95,26-DEC-2016,440,INE731A01020,
ARCOTECH,EQ,443.55,464,422.65,427.05,435,442.8,165805,72697014,26-DEC-2016,7469,INE574I01027,
ARIES,EQ,158,161.25,149.05,151.05,150.4,159.05,109756,17133808.4,26-DEC-2016,2397,INE298I01015,
ARIHANT,BE,56,59.25,54.9,57.15,57.15,57,2651,148429.35,26-DEC-2016,27,INE413D01011,
ARMANFIN,EQ,185.8,185.8,171,173.85,171.3,179.95,1695,296587.2,26-DEC-2016,130,INE109C01017,
AROGRANITE,EQ,69.9,72.4,61.7,67.65,67.45,67.75,53170,3588061.9,26-DEC-2016,545,INE210C01013,
ARROWGREEN,EQ,484.9,484.9,465,471,471,480.3,17752,8394277.6,26-DEC-2016,482,INE570D01018,
ARROWTEX,EQ,36.3,36.5,35.1,35.5,35.35,36.7,31997,1139862.25,26-DEC-2016,284,INE933J01015,
ARSHIYA,EQ,27.55,28.15,26.75,27.8,27.7,28.2,18135,498711.7,26-DEC-2016,179,INE968D01022,
ARSSINFRA,EQ,63.6,63.6,60.7,61.85,61.4,63.4,196230,12166846.15,26-DEC-2016,2362,INE267I01010,
ARVIND,EQ,338,338.1,326.55,327.7,327,339.6,1087833,359900603.85,26-DEC-2016,14205,INE034A01011,
ARVSMART,EQ,66.3,69.45,64.65,65.15,65,68.05,15684,1030684.25,26-DEC-2016,652,INE034S01021,
ASAHIINDIA,EQ,172.05,172.05,167.45,170.3,170,172.35,1014064,172620140.95,26-DEC-2016,321,INE439A01020,
ASAHISONG,EQ,224.05,224.05,215.35,218.3,218.35,225.35,7282,1595335.35,26-DEC-2016,543,INE228I01012,
ASAL,EQ,59.95,61.35,56,57.1,56.15,57.75,11658,678960.45,26-DEC-2016,148,INE900C01027,
ASHAPURMIN,EQ,59.95,61.9,59.3,59.55,59.45,60.6,80075,4821169.35,26-DEC-2016,607,INE348A01023,
ASHIANA,EQ,134,135.3,130.6,133.8,130.6,133.8,11446,1524191.05,26-DEC-2016,432,INE365D01021,
ASHIMASYN,EQ,13.8,13.8,13.1,13.6,13.6,14,71143,960620.85,26-DEC-2016,198,INE440A01010,
ASHOKA,EQ,153.55,156.9,151.15,155.05,154.2,155,29236,4501748.7,26-DEC-2016,1947,INE442H01029,
ASHOKLEY,EQ,77.8,77.9,76.25,76.5,76.5,77.7,4475664,344280658.1,26-DEC-2016,22487,INE208A01029,
ASIANHOTNR,EQ,101.3,107.45,101.3,104.55,103.2,104,210,21841.45,26-DEC-2016,17,INE363A01022,
ASIANPAINT,EQ,874,885,860,867.8,866,874,1313467,1146767611.4,26-DEC-2016,45920,INE021A01026,
ASIANTILES,EQ,211.15,218.95,205.4,206.65,207.5,214.4,30852,6484531.35,26-DEC-2016,1071,INE022I01019,
ASPINWALL,BE,185.4,197.85,185.4,195,195,195,329,62259.75,26-DEC-2016,5,INE991I01015,
ASSAMCO,EQ,4.85,5.65,4.85,5,5,4.9,1268329,6526570,26-DEC-2016,1176,INE442A01024,
ASTEC,EQ,616,616,585.2,590.8,588,616.8,69020,41142488.3,26-DEC-2016,2974,INE563J01010,
ASTRAL,EQ,389.5,389.5,377.05,380.9,381.75,385.05,3954,1509252.2,26-DEC-2016,421,INE006I01046,
ASTRAMICRO,EQ,111,111.25,107.1,108.45,108.4,110.6,110518,12016275.4,26-DEC-2016,1617,INE386C01029,
ASTRAZEN,EQ,910,929.9,910,926.35,926,916.95,1227,1128060.1,26-DEC-2016,224,INE203A01020,
ATFL,EQ,446,462,428.4,454.4,456.65,442.4,4653,2068710.8,26-DEC-2016,406,INE209A01019,
ATLANTA,EQ,69.4,70.9,66.5,67.05,66.6,69.6,172029,11794986.75,26-DEC-2016,2295,INE285H01022,
ATLASCYCLE,EQ,335.1,335.1,324.1,326.1,328,338.55,23276,7691221.6,26-DEC-2016,800,INE446A01017,
ATNINTER,EQ,0.35,0.35,0.35,0.35,0.35,0.3,5155,1804.25,26-DEC-2016,5,INE803A01027,
ATUL,EQ,2000.05,2000.05,1950,1969.05,1980,2020.15,12746,25099961.15,26-DEC-2016,1064,INE100A01010,
ATULAUTO,EQ,411.5,419.8,405,408,407.5,412.2,8623,3531858.95,26-DEC-2016,639,INE951D01028,
AURDIS,SM,61.2,62,61.2,62,62,59.9,8000,492800,26-DEC-2016,2,INE448V01019,
AURIONPRO,EQ,140.65,141.45,130.6,132.9,131.95,141.5,81501,11085492.95,26-DEC-2016,1629,INE132H01018,
AUROPHARMA,EQ,646,646,621.9,624.5,623.25,647.55,2718624,1708755245.55,26-DEC-2016,47102,INE406A01037,
AUSOMENT,EQ,24,25.9,23.6,24,24.6,24.8,988,23859.2,26-DEC-2016,20,INE218C01016,
AUSTRAL,EQ,0.4,0.4,0.3,0.3,0.3,0.35,68568,23318.25,26-DEC-2016,21,INE455J01027,
AUTOAXLES,EQ,620.1,623.95,597,602.05,600.9,635.7,11061,6735194.8,26-DEC-2016,949,INE449A01011,
AUTOIND,EQ,48.35,49.9,45.25,47.3,47.1,49.35,13960,662410.9,26-DEC-2016,175,INE718H01014,
AUTOLITIND,EQ,48.05,49.5,47.5,48.9,48.75,48.5,3069,148251.2,26-DEC-2016,41,INE448A01013,
AVANTIFEED,EQ,494.5,494.5,477.5,478.85,480,485.35,6008,2885073.35,26-DEC-2016,626,INE871C01020,
AVTNPL,EQ,31,31,29.95,30.2,30.25,30.25,24819,751967.75,26-DEC-2016,158,INE488D01021,
AXISBANK,EQ,435.1,435.85,427,432,430.95,438.1,4494204,1937198256.5,26-DEC-2016,66213,INE238A01034,
AXISCADES,EQ,176.5,176.5,168.35,169.15,169.85,177.9,81544,13882141.05,26-DEC-2016,3272,INE555B01013,
AXISGOLD,EQ,2484.35,2529,2484.35,2509.9,2510,2484.35,207,519058.6,26-DEC-2016,38,INF846K01347,
AYMSYNTEX,EQ,70.55,72.85,68.65,69.35,68.8,72.8,30191,2097012.8,26-DEC-2016,145,INE193B01039,
BAFNAPHARM,EQ,29.35,29.35,28.1,28.15,28.15,28.95,19404,548717.9,26-DEC-2016,122,INE878I01014,
BAGFILMS,EQ,4.1,4.2,3.9,3.95,4,4.1,182180,727710.2,26-DEC-2016,181,INE116D01028,
BAJAJ-AUTO,EQ,2617.7,2650,2577.7,2600.7,2609.95,2618.8,121218,315033824.85,26-DEC-2016,16050,INE917I01010,
BAJAJCORP,EQ,355.05,364.4,352.1,360.6,360,357.15,7497,2681567.4,26-DEC-2016,520,INE933K01021,
BAJAJELEC,EQ,209.9,211,204,205.4,205.65,211.1,31227,6472659.65,26-DEC-2016,1049,INE193E01025,
BAJAJFINSV,EQ,2630,2637.95,2555,2617.85,2626,2620.4,74403,193563477.85,26-DEC-2016,8016,INE918I01018,
BAJAJHIND,EQ,13.4,13.7,13,13.05,13.1,13.3,2041664,27144770.75,26-DEC-2016,2909,INE306A01021,
BAJAJHLDNG,EQ,1801.55,1815.15,1756,1767.2,1770,1806.85,12418,22089345.4,26-DEC-2016,2050,INE118A01012,
BAJFINANCE,EQ,810,821.3,782.05,810,806.7,808.95,2133916,1724558615.55,26-DEC-2016,48560,INE296A01024,
BALAJITELE,EQ,88,88,84.2,84.55,84.3,86.55,17970,1541987,26-DEC-2016,354,INE794B01026,
BALAMINES,EQ,322,322.4,305,306.7,306.2,315.1,9190,2851155.6,26-DEC-2016,671,INE050E01027,
BALKRISHNA,EQ,74.2,74.2,72,72.45,72,74.1,28890,2107434.65,26-DEC-2016,264,INE875R01011,
BALKRISIND,EQ,1035,1085,1028.3,1083.4,1084.75,1048.95,100973,107563373.65,26-DEC-2016,3979,INE787D01026,
BALLARPUR,EQ,16,16,15.6,15.7,15.7,16,535867,8429574.8,26-DEC-2016,511,INE294A01037,
BALMLAWRIE,EQ,245,251.6,234,236.2,234,1050.65,466402,112951496.8,26-DEC-2016,10483,INE164A01016,
BALPHARMA,EQ,95.9,95.9,88.55,89.7,88.85,92.7,18951,1730804.3,26-DEC-2016,449,INE083D01012,
BALRAMCHIN,EQ,119,120.25,118,118.3,118.35,118.95,517780,61661553.2,26-DEC-2016,6442,INE119A01028,
BANARBEADS,EQ,57,64.45,55,58.7,58.05,54.8,371998,22718809.95,26-DEC-2016,4206,INE655B01011,
BANARISUG,EQ,1806,1814.1,1798,1804.5,1800,1805.3,1494,2689908.7,26-DEC-2016,77,INE459A01010,
BANCOINDIA,EQ,175,178,170,173.2,170,176.4,56147,9841131.45,26-DEC-2016,1831,INE213C01025,
BANG,EQ,30,30.4,29,30.25,30.3,30.1,10075,300386.1,26-DEC-2016,54,INE863I01016,
BANKBARODA,EQ,152,152.35,146,147.35,147.75,153,6151900,913981561.2,26-DEC-2016,40563,INE028A01039,
BANKBEES,EQ,1801.79,1803.45,1778,1784.83,1782.99,1807.83,2580,4606459.66,26-DEC-2016,269,INF732E01078,
BANKINDIA,EQ,106.7,106.75,102.95,103.5,103.1,107.05,2024903,211581363.45,26-DEC-2016,10084,INE084A01016,
BANSWRAS,EQ,143.4,143.95,136.6,137.1,137.95,144.7,4961,696001.35,26-DEC-2016,115,INE629D01012,
BARTRONICS,BE,18.2,20.1,18.2,20.05,20.1,19.15,205001,3951447.65,26-DEC-2016,721,INE855F01034,
BASF,EQ,1064.05,1085,1051.05,1076.5,1073,1082,22058,23550971.5,26-DEC-2016,1459,INE373A01013,
BASML,EQ,277.6,278.8,271,278.8,278.8,289.15,30,8183.45,26-DEC-2016,14,INE186H01014,
BATAINDIA,EQ,424.5,425.75,419.55,420.7,421.5,424.9,163317,68850014.55,26-DEC-2016,6447,INE176A01028,
BAYERCROP,EQ,4060.05,4091.35,3991,4008.25,4010,4101.5,2378,9586740.45,26-DEC-2016,524,INE462A01022,
BBL,EQ,756,760,749,750.25,751,761.15,2492,1872607.75,26-DEC-2016,266,INE464A01028,
BBTC,EQ,484.3,489.85,472.95,477.4,474.9,486.65,19212,9256557.4,26-DEC-2016,911,INE050A01025,
BEARDSELL,EQ,395.05,415,386,406,395.7,406.3,1013,405184.4,26-DEC-2016,59,INE520H01014,
BEDMUTHA,EQ,20,21,19.3,19.9,19.8,20.5,7382,151386.2,26-DEC-2016,68,INE844K01012,
BEL,EQ,1390,1393,1345.6,1356.2,1359.8,1384.95,198003,271319581.85,26-DEC-2016,15607,INE263A01016,
BEML,EQ,965,965.05,935,950.25,950.1,971.55,398696,378363074.75,26-DEC-2016,13664,INE258A01016,
BEPL,EQ,21.7,22.05,21.45,21.55,21.6,22,412370,8946241.25,26-DEC-2016,808,INE922A01025,
BERGEPAINT,EQ,201.6,201.9,192.3,193.1,193.2,202.6,517900,100845368.35,26-DEC-2016,14652,INE463A01038,
BFINVEST,EQ,136.3,136.6,131,132.25,132.9,138.2,32578,4332878.15,26-DEC-2016,1412,INE878K01010,
BFUTILITIE,EQ,384.85,385.8,370,371.5,371.9,386.6,214277,80599689.65,26-DEC-2016,6061,INE243D01012,
BGLOBAL,BE,7.9,7.9,7.4,7.9,7.9,7.55,22915,180235.65,26-DEC-2016,45,INE224M01013,
BGRENERGY,EQ,110.8,110.8,106.55,107.25,107,110.25,56524,6095543.5,26-DEC-2016,879,INE661I01014,
BHAGERIA,EQ,355.2,355.25,341.05,342.9,342,355.2,33265,11483539.7,26-DEC-2016,1290,INE354C01027,
BHAGYNAGAR,EQ,18.2,19.9,17.55,18.15,17.55,18.6,9215,169596,26-DEC-2016,54,INE458B01028,
BHARATFIN,EQ,519.05,519.65,472,480.15,474,519.8,8143972,4056103206.95,26-DEC-2016,109532,INE180K01011,
BHARATFORG,EQ,914,914,878,881.5,880.5,911.95,419276,374260124.75,26-DEC-2016,13084,INE465A01025,
BHARATGEAR,EQ,99,102,96.5,98.15,98,99.8,9503,932927.4,26-DEC-2016,203,INE561C01019,
BHARATIDIL,BE,15.3,16.45,15.3,15.7,15.75,16.05,4457,69783.95,26-DEC-2016,33,INE673G01013,
BHARATRAS,EQ,1672,1787,1672,1724.95,1730.75,1723.75,728,1265694.7,26-DEC-2016,164,INE838B01013,
BHARATWIRE,EQ,73.8,75,69,72.3,72.65,71.3,1535083,112223656,26-DEC-2016,12861,INE316L01019,
BHARTIARTL,EQ,294.5,297,288.7,296.1,296,295.55,2451002,719843402.35,26-DEC-2016,27762,INE397D01024,
BHEL,EQ,119,119.15,116.55,117.2,117.3,119,2984121,349832067.35,26-DEC-2016,20083,INE257A01026,
BHUSANSTL,EQ,40,41.45,39.3,39.7,39.35,40.8,48926,1973078.15,26-DEC-2016,480,INE824B01021,
BIGBLOC,EQ,47,48.95,47,48.05,48,48.05,9655,459918.5,26-DEC-2016,100,INE412U01017,
BIL,EQ,480,480,445,451.25,463,485,1226,562858.05,26-DEC-2016,142,INE828A01016,
BILENERGY,EQ,0.7,0.7,0.7,0.7,0.7,0.7,9450,6615,26-DEC-2016,6,INE607L01029,
BINANIIND,EQ,65,65.95,63.1,64.95,65,65.3,29909,1936621.1,26-DEC-2016,523,INE071A01013,
BINDALAGRO,EQ,24.95,25,24.1,24.2,24.1,24.95,60448,1476326.25,26-DEC-2016,190,INE143A01010,
BIOCON,EQ,924.6,926.8,890.35,894.35,890.8,930.6,711449,645746116.3,26-DEC-2016,13822,INE376G01013,
BIRLACABLE,EQ,39.35,39.35,36.75,38.15,38.65,38.15,1063,40000.85,26-DEC-2016,36,INE800A01015,
BIRLACORPN,EQ,629.95,639,617,629.4,624,641.1,27352,17187786.4,26-DEC-2016,753,INE340A01012,
BIRLACOT,BE,0.1,0.1,0.05,0.1,0.1,0.1,566822,47090.65,26-DEC-2016,75,INE655I01024,
BIRLAMONEY,EQ,26,26.1,25.25,25.6,25.35,26.1,7244,186058.85,26-DEC-2016,90,INE865C01022,
BLBLIMITED,EQ,6,6.55,5.7,6.3,6.4,6.2,4348,26825,26-DEC-2016,39,INE791A01024,
BLISSGVS,EQ,159.15,161.1,150,152.4,150.5,161.2,267158,41907142.2,26-DEC-2016,3764,INE416D01022,
BLKASHYAP,EQ,18.85,18.85,18.2,18.3,18.25,18.65,69660,1290677.5,26-DEC-2016,161,INE350H01032,
BLS,EQ,1919.1,1947,1898.05,1942.85,1941,1918.35,35519,67949650.25,26-DEC-2016,1436,INE153T01019,
BLUEBLENDS,EQ,41.5,43,40.6,42,42,42.05,712,29441.5,26-DEC-2016,46,INE113O01014,
BLUECHIP,EQ,0.4,0.4,0.4,0.4,0.4,0.4,10000,4000,26-DEC-2016,2,INE657B01025,
BLUEDART,EQ,4350,4350,4235.15,4261.15,4261,4280.75,7103,30364523.3,26-DEC-2016,618,INE233B01017,
BLUESTARCO,EQ,447.2,452.95,442.3,445.85,448.15,450.15,11933,5370988.4,26-DEC-2016,537,INE472A01039,
BODALCHEM,EQ,120.25,121,117.6,118.55,118,121.2,178352,21323985.45,26-DEC-2016,1816,INE338D01028,
BOMDYEING,EQ,48.65,50.25,46.85,47.2,47.15,48.75,1838155,90233347.45,26-DEC-2016,9726,INE032A01023,
BOSCHLTD,EQ,19600,19650,19235.05,19318.25,19320,19715.95,9934,192556967.8,26-DEC-2016,4173,INE323A01026,
BPCL,EQ,611,611.05,600.4,602.25,603,610.9,815356,492761822,26-DEC-2016,24516,INE029A01011,
BPL,EQ,62,62.15,59.25,59.7,59.45,62.3,227515,13780141.5,26-DEC-2016,2090,INE110A01019,
BRFL,EQ,134.2,140.15,134.2,137.05,137,138.2,5481,757287,26-DEC-2016,66,INE589G01011,
BRIGADE,EQ,145,148.85,145,145.65,145.5,148,4377,640112.9,26-DEC-2016,159,INE791I01019,
BRITANNIA,EQ,2829.9,2831.4,2780,2807.3,2813.5,2831.2,68000,190789837.5,26-DEC-2016,8314,INE216A01022,
BROADCAST,BZ,2.8,2.8,2.8,2.8,2.8,2.9,250,700,26-DEC-2016,1,INE698H01018,
BROOKS,EQ,138,139.65,133,134.15,134,138.5,29615,3994145,26-DEC-2016,638,INE650L01011,
BSELINFRA,EQ,3.65,3.75,3.6,3.65,3.65,3.65,54762,199857.15,26-DEC-2016,35,INE395A01016,
BSL,EQ,75.2,75.2,71,73.1,73.5,75.2,6905,503396.05,26-DEC-2016,223,INE594B01012,
BSLGOLDETF,EQ,2592,2593,2591,2591,2591,2595.5,20,51840,26-DEC-2016,4,INF209K01HT2,
BSLIMITED,EQ,2.85,2.9,2.8,2.8,2.8,2.9,1289247,3622858.7,26-DEC-2016,548,INE043K01029,
BSLNIFTY,EQ,99.85,99.85,99.85,99.85,99.85,94,21,2096.85,26-DEC-2016,1,INF209K01IR4,
BURNPUR,EQ,10.7,10.7,10.3,10.5,10.55,10.9,1500726,15731411.9,26-DEC-2016,707,INE817H01014,
BUTTERFLY,EQ,184,184,173.15,176.2,176.1,178.45,3531,619369.8,26-DEC-2016,273,INE295F01017,
BVCL,EQ,21.45,21.75,20.2,20.7,20.7,21.45,2282,48273.45,26-DEC-2016,34,INE139I01011,
BYKE,EQ,166.9,167.45,161.05,161.35,161.05,164.4,58548,9499678.75,26-DEC-2016,1264,INE319B01014,
CADILAHC,EQ,338,343.4,329.45,338.8,340.1,336.85,659394,221384663.85,26-DEC-2016,17946,INE010B01027,
CAIRN,EQ,242.5,243.05,233.6,235.6,235.85,243.95,1044547,246756022.3,26-DEC-2016,11152,INE910H01017,
CAMLINFINE,EQ,99.9,103.9,97.5,97.95,97.55,99.05,386144,38607255.25,26-DEC-2016,5101,INE052I01032,
CANBK,EQ,277.9,277.9,262.2,263.7,263.3,279.7,2594485,698634946.45,26-DEC-2016,26709,INE476A01014,
CANDC,EQ,15.3,15.95,15,15.4,15.5,15.75,12237,188794,26-DEC-2016,87,INE874H01015,
CANFINHOME,EQ,1610,1610,1412.2,1447.05,1440.1,1589.6,96976,144756345.95,26-DEC-2016,8149,INE477A01012,
CANTABIL,EQ,66.1,68,62.2,62.65,62.2,67.45,12650,814125.1,26-DEC-2016,226,INE068L01016,
CAPF,EQ,526,526,510,512.6,511.9,528.1,79341,41064135.5,26-DEC-2016,3570,INE688I01017,
CAPLIPOINT,EQ,341,341.4,330,331,332.5,341.45,32160,10726650.3,26-DEC-2016,1327,INE475E01026,
CARBORUNIV,EQ,243.15,243.9,237,240.75,241.65,240.85,31631,7576518.35,26-DEC-2016,1305,INE120A01034,
CAREERP,EQ,109.5,109.9,107,107.35,107.2,110.35,19619,2119443.45,26-DEC-2016,281,INE521J01018,
CARERATING,EQ,1350,1350.3,1279.2,1285.9,1280,1340.6,18612,24327761.85,26-DEC-2016,2972,INE752H01013,
CASTEXTECH,EQ,8.2,8.25,7.95,8,8,8.3,758588,6105922.8,26-DEC-2016,757,INE068D01021,
CASTROLIND,EQ,366,366.05,356.15,358,358,366.55,580404,208582608.55,26-DEC-2016,12211,INE172A01027,
CCCL,EQ,3.25,3.5,2.9,3.05,3.4,3.1,333623,1062746.1,26-DEC-2016,361,INE429I01024,
CCHHL,EQ,12.25,12.45,11.9,12,12,12.4,56198,677811.25,26-DEC-2016,228,INE652F01027,
CCL,EQ,251.5,254.9,250,252.95,252.5,254.05,18143,4580850.05,26-DEC-2016,610,INE421D01022,
CEATLTD,EQ,1141.55,1151.5,1115,1135.45,1130,1143.65,664059,751592062.65,26-DEC-2016,17388,INE482A01020,
CEBBCO,EQ,13.5,13.5,12.2,12.4,12.3,13.25,71649,902283.9,26-DEC-2016,235,INE209L01016,
CELEBRITY,EQ,8.8,8.8,8.5,8.6,8.75,8.85,32758,283856.65,26-DEC-2016,117,INE185H01016,
CELESTIAL,EQ,19,22,18.2,19.45,19.5,19.2,445862,9137624.6,26-DEC-2016,1552,INE221I01017,
CENTENKA,EQ,259.05,266.95,256,262,264.3,261.95,23091,6003091.65,26-DEC-2016,655,INE485A01015,
CENTEXT,EQ,7,7.2,6.7,6.8,6.75,7.05,87311,598294.1,26-DEC-2016,126,INE281A01026,
CENTRALBK,EQ,82.95,82.95,81.7,82.2,82.2,83.05,140259,11524519.3,26-DEC-2016,858,INE483A01010,
CENTUM,EQ,585,598,572,588.15,583,595.5,5355,3121088.95,26-DEC-2016,403,INE320B01020,
CENTURYPLY,EQ,163,170.4,160,162,161.25,163.7,353078,58160639.9,26-DEC-2016,5868,INE348B01021,
CENTURYTEX,EQ,766.8,769.4,754.35,763.7,764,773.4,1027791,782622844.05,26-DEC-2016,20593,INE055A01016,
CERA,EQ,1920,1939.9,1885,1897.15,1889,1916.45,1694,3237481.45,26-DEC-2016,370,INE739E01017,
CEREBRAINT,EQ,23.95,24,22.75,23.2,23.05,23.75,427372,10016007.1,26-DEC-2016,999,INE345B01019,
CESC,EQ,621.6,624.75,601.2,609.5,604.05,620.55,498502,304633722,26-DEC-2016,15213,INE486A01013,
CGCL,EQ,52.25,55.4,52.25,52.7,52.6,54.25,21082,1120475.95,26-DEC-2016,53,INE180C01026,
CHAMBLFERT,EQ,65,68.95,64.5,68.15,68.1,65.85,708521,47770024.45,26-DEC-2016,4606,INE085A01013,
CHEMFALKAL,EQ,248.5,250.65,238,241.25,240.25,250.95,26531,6501418.2,26-DEC-2016,1012,INE479E01028,
CHENNPETRO,EQ,258.7,262.6,252.05,256.5,257.4,262.7,163088,41824299.9,26-DEC-2016,3949,INE178A01016,
CHOLAFIN,EQ,933,978,886.05,930.6,949.9,934.8,168230,153530971.85,26-DEC-2016,14192,INE121A01016,
CHROMATIC,EQ,2.85,2.85,2.7,2.75,2.8,2.75,119498,328167,26-DEC-2016,91,INE662C01015,
CIGNITITEC,EQ,362,362,345,347.05,346.25,357.9,42048,14705686.3,26-DEC-2016,1028,INE675C01017,
CIMMCO,EQ,66,67.05,64.2,65.05,65.25,66.95,15973,1050789.95,26-DEC-2016,190,INE184C01028,
CINELINE,EQ,80.7,81.5,78,78.4,78.5,78.7,85214,6769599.4,26-DEC-2016,1245,INE704H01022,
CINEVISTA,EQ,6.2,6.2,5.7,5.95,6,5.9,10969,65472.45,26-DEC-2016,44,INE039B01026,
CIPLA,EQ,581.3,581.3,548.1,554.95,555.3,582.3,2106357,1177811568.75,26-DEC-2016,36949,INE059A01026,
CLNINDIA,EQ,703.9,704.55,680,697.65,685.1,709.7,21833,15209762.1,26-DEC-2016,1638,INE492A01029,
CMICABLES,EQ,141.5,141.5,134.15,135.35,135.5,139.55,16689,2268031.65,26-DEC-2016,156,INE981B01011,
CNOVAPETRO,EQ,23,23,21.6,21.6,21.6,22.7,800,17422.5,26-DEC-2016,8,INE672K01025,
COALINDIA,EQ,288.4,288.4,282.6,285,285,287.85,2446568,696139711.55,26-DEC-2016,29523,INE522F01014,
COFFEEDAY,EQ,195.15,197.7,192.35,193.85,194,197.3,67532,13106293,26-DEC-2016,1487,INE335K01011,
COLPAL,EQ,900.35,905.5,890.8,895.55,893,902.15,119058,106862903.9,26-DEC-2016,8335,INE259A01022,
COMPINFO,EQ,219,219,205.25,213.35,215,219.1,11488,2453231.9,26-DEC-2016,201,INE070C01029,
COMPUSOFT,EQ,13.9,14.35,13.6,13.95,14,14.05,26066,362671.85,26-DEC-2016,111,INE453B01029,
CONCOR,EQ,1102,1122,1086.4,1093.05,1088.75,1102.2,172366,189617947.6,26-DEC-2016,12362,INE111A01017,
CONSOFINVT,EQ,55.25,56.2,53.15,54.1,53.4,56,20635,1117124.65,26-DEC-2016,176,INE025A01027,
CONTROLPR,EQ,244.05,247.9,237,239.6,238,244.7,5336,1286968.4,26-DEC-2016,191,INE663B01015,
CORDSCABLE,EQ,71.2,72.9,65.15,65.85,65.55,71.7,216242,14732237.95,26-DEC-2016,2649,INE792I01017,
COROMANDEL,EQ,274,276.95,270,273.15,273,275.5,83650,22806098.75,26-DEC-2016,2216,INE169A01031,
CORPBANK,EQ,40.9,41.2,40.15,40.3,40.45,41.05,136973,5534311.85,26-DEC-2016,792,INE112A01023,
COSMOFILMS,EQ,325,328,318,322.85,324.5,325.65,22753,7366910.6,26-DEC-2016,1577,INE757A01017,
COUNCODOS,EQ,3.9,4,3.85,3.9,3.9,3.9,11283,44342.4,26-DEC-2016,20,INE695B01025,
COX&KINGS,EQ,174.5,174.5,168.3,169.2,168.6,174.3,99996,16978174,26-DEC-2016,2113,INE008I01026,
CPSEETF,EQ,24.6,24.97,24.31,24.38,24.37,24.85,169607,4151212.41,26-DEC-2016,299,INF457M01133,
CREST,EQ,88.3,88.3,85.5,85.5,85.5,89.95,3293,282728.2,26-DEC-2016,49,INE559D01011,
CRISIL,EQ,2150,2170,2131.2,2162.45,2170,2141.35,2422,5221136.45,26-DEC-2016,846,INE007A01025,
CROMPGREAV,EQ,58.15,58.15,55.6,55.9,55.65,57.65,2637077,149351165.8,26-DEC-2016,16103,INE067A01029,
CROMPTON,EQ,144,144.25,138,140.4,140.1,145.05,317599,44727618.85,26-DEC-2016,12860,INE299U01018,
CROWN,SM,89.65,95,86.65,95,95,87.25,5000,452000,26-DEC-2016,5,INE491V01019,
CTE,EQ,93.7,94.2,93.7,94,94,95.6,15244,1428841.85,26-DEC-2016,59,INE627H01017,
CUB,EQ,132.6,132.6,129.1,131.55,131.8,131.25,151912,19822013.85,26-DEC-2016,4505,INE491A01021,
CUBEXTUB,BE,11,11,10.85,10.85,10.85,11.4,830,9055,26-DEC-2016,9,INE144D01012,
CUMMINSIND,EQ,797,803.4,783,792.35,790.5,797.75,72435,57428845.35,26-DEC-2016,6032,INE298A01020,
CUPID,EQ,290.05,291.95,282.8,283.85,284.65,290.85,24710,7071287.7,26-DEC-2016,1244,INE509F01011,
CYBERMEDIA,EQ,11.15,11.15,11.15,11.15,11.15,10.65,2,22.3,26-DEC-2016,2,INE278G01037,
CYBERTECH,EQ,80.65,80.65,74.55,75.85,76.1,79.85,41543,3168704.4,26-DEC-2016,497,INE214A01019,
CYIENT,EQ,486.05,489.95,475,479.2,476.2,483.15,7992,3843958.65,26-DEC-2016,497,INE136B01020,
DAAWAT,EQ,271.05,271.05,256.45,259.55,260,272.55,18982,4970209.7,26-DEC-2016,1051,INE818H01012,
DABUR,EQ,260.75,264.1,259.15,259.95,260.75,262.05,434029,113391945.25,26-DEC-2016,10869,INE016A01026,
DALMIABHA,EQ,1399.4,1400,1220.5,1293.85,1290.05,1399.3,91891,119747584,26-DEC-2016,7206,INE439L01019,
DALMIASUG,EQ,123.9,125.8,120.55,123,122.55,124.15,180263,22186394.25,26-DEC-2016,2065,INE495A01022,
DAMODARIND,EQ,70.15,70.15,70,70,70,72.25,193,13526.05,26-DEC-2016,5,INE497D01014,
DATAMATICS,EQ,119.5,119.5,106.65,108.3,107.5,119.95,1751956,196505435.65,26-DEC-2016,19003,INE365B01017,
DBCORP,EQ,353.35,361.05,347.1,355.1,355,353.65,48829,17374163.5,26-DEC-2016,7180,INE950I01011,
DBL,EQ,220.25,220.6,216.55,218.45,218.95,220.8,27219,5949659.2,26-DEC-2016,1189,INE917M01012,
DBREALTY,EQ,37.2,37.6,36.05,36.35,36.35,37.7,78227,2871289.6,26-DEC-2016,566,INE879I01012,
DBSTOCKBRO,EQ,13.45,13.45,13.45,13.45,13.45,13.7,4,53.8,26-DEC-2016,1,INE921B01025,
DCBBANK,EQ,105,105.2,102.7,103.1,102.85,105.75,420833,43593305.6,26-DEC-2016,5300,INE503A01015,
DCM,EQ,104.7,104.7,101.1,102.2,103.5,104.1,16776,1721160.75,26-DEC-2016,305,INE498A01018,
DCMSHRIRAM,EQ,202.55,206.6,197,197.85,197.95,203.65,53321,10667762.95,26-DEC-2016,1204,INE499A01024,
DCW,EQ,29.5,30.2,28.55,28.85,28.8,29.55,558488,16249456.45,26-DEC-2016,1627,INE500A01029,
DECCANCE,EQ,907.8,915.1,880,887.85,885,917.8,3782,3363642.25,26-DEC-2016,434,INE583C01013,
DEEPAKFERT,EQ,201.4,209.95,201,204.05,201.2,206.85,27650,5654378.95,26-DEC-2016,1289,INE501A01019,
DEEPAKNTR,EQ,86.9,87.9,75.75,81.85,82.5,84.85,471648,38796709.55,26-DEC-2016,4757,INE288B01029,
DEEPIND,EQ,284.3,284.9,275,276.6,276.2,284.9,147919,41405929.2,26-DEC-2016,2180,INE677H01012,
DELTACORP,EQ,98,98.25,95.05,95.55,95.45,98,1029567,99004931,26-DEC-2016,7295,INE124G01033,
DEN,EQ,63.95,69.1,62.5,65.3,64.55,64.2,811077,54579625.25,26-DEC-2016,8101,INE947J01015,
DENABANK,EQ,32.6,32.85,31.7,31.9,31.85,32.9,439356,14117312.8,26-DEC-2016,2151,INE077A01010,
DENORA,EQ,218,232.65,215.9,219.25,220,226.5,3349,738082.5,26-DEC-2016,179,INE244A01016,
DHAMPURSUG,EQ,116.2,118.65,114.25,116.05,116.3,116.25,246044,28714741,26-DEC-2016,2661,INE041A01016,
DHANBANK,EQ,22.75,22.75,22,22.05,22.05,22.75,162544,3613906.05,26-DEC-2016,817,INE680A01011,
DHANUKA,EQ,711,720,702.05,713.25,716.95,713.65,7205,5117495.95,26-DEC-2016,284,INE435G01025,
DHARSUGAR,EQ,31,31.85,29.45,30,29.8,31.2,55840,1691159.8,26-DEC-2016,612,INE988C01014,
DHFL,EQ,233.9,234.55,228.1,230.9,231,233.9,1078752,249819671.85,26-DEC-2016,11742,INE202B01012,
DHFL,N6,1004.15,1006.5,1003.5,1005.87,1005,1006.03,383,385143.15,26-DEC-2016,13,INE202B07HP2,
DHFL,N8,1025,1025,1025,1025,1025,1030,57,58425,26-DEC-2016,3,INE202B07HR8,
DHFL,NA,1029.9,1030,1018,1020,1020,1020.22,45,45968,26-DEC-2016,5,INE202B07HT4,
DHFL,NC,1020,1020.5,1018,1018.77,1019,1020,1328,1354220.42,26-DEC-2016,45,INE202B07HV0,
DHFL,NL,1020,1020,1010.01,1010.01,1010.01,1009.5,79,80540.04,26-DEC-2016,8,INE202B07IK1,
DHFL,NP,1013.4,1013.74,1012.25,1012.52,1012.75,1012.06,1047,1060743.03,26-DEC-2016,34,INE202B07IO3,
DHUNINV,EQ,163.1,175,163.1,171.2,173.45,169.9,2660,448888,26-DEC-2016,54,INE320L01011,
DIAPOWER,EQ,30.4,30.6,28.95,29.25,29.25,30.45,114942,3416753.3,26-DEC-2016,1304,INE989C01012,
DICIND,EQ,453.5,453.75,449,451.4,451.25,454.75,1669,753480.4,26-DEC-2016,29,INE303A01010,
DIGJAMLTD,EQ,11.5,11.55,11.1,11.35,11.35,11.5,78857,893993.8,26-DEC-2016,250,INE731U01010,
DISHMAN,EQ,211.05,211.15,202.3,204.05,202.65,211.3,311874,64218780.1,26-DEC-2016,5117,INE353G01020,
DISHTV,EQ,83.6,83.65,80.75,81.3,81.15,83.3,2094853,171412826.1,26-DEC-2016,10912,INE836F01026,
DIVISLAB,EQ,850,850,743.65,762.3,760.1,861.5,18358412,14293135506,26-DEC-2016,414521,INE361B01024,
DLF,EQ,112.3,113,104.35,105.15,104.75,113.75,14954475,1606424082.05,26-DEC-2016,52191,INE271C01023,
DLINKINDIA,EQ,107.7,108.9,105.25,107.1,107.5,107.8,590790,63299333.4,26-DEC-2016,9400,INE250K01012,
DOLPHINOFF,EQ,117.9,119.6,115.25,115.75,115.75,118.35,168301,19753263.3,26-DEC-2016,5094,INE920A01011,
DONEAR,EQ,56.45,56.45,52.05,52.6,52.05,54.7,62852,3423081.95,26-DEC-2016,456,INE668D01028,
DPL,EQ,76.5,76.5,73.5,74.4,74.25,74.65,12323,916830.3,26-DEC-2016,103,INE477B01010,
DPSCLTD,EQ,34.5,35.75,33.7,34.1,33.7,35.2,9044,313070.7,26-DEC-2016,65,INE360C01024,
DQE,EQ,22.6,22.7,21.4,21.5,21.45,21.95,23395,512973.15,26-DEC-2016,148,INE656K01010,
DREDGECORP,EQ,390.5,407,380.05,381.7,381.6,394.5,152595,60394744.8,26-DEC-2016,5106,INE506A01018,
DRREDDY,EQ,2990,3028,2979.1,2986,2983.95,2998.55,106615,320138676.3,26-DEC-2016,9516,INE089A01023,
DSKULKARNI,EQ,62.9,62.9,59.2,60.1,61,62.2,13532,813107.55,26-DEC-2016,89,INE891A01014,
DSSL,EQ,14.1,14.6,14.1,14.6,14.6,14.7,360,5196,26-DEC-2016,3,INE417B01040,
DTIL,EQ,285,287.5,276.55,286.2,286,285.05,1182,333092.4,26-DEC-2016,103,INE341R01014,
DUCON,EQ,56.6,58.45,55.55,55.55,55.55,58.45,54617,3039122.15,26-DEC-2016,256,INE741L01018,
DWARKESH,EQ,282,296.3,275.1,278.4,281,287.75,904289,259757506.6,26-DEC-2016,16230,INE366A01033,
DYNAMATECH,EQ,2881,2881,2765,2779.4,2798,2880.85,558,1580841.65,26-DEC-2016,142,INE221B01012,
EASTSILK,EQ,2.45,2.5,2.35,2.4,2.4,2.45,17327,41703.55,26-DEC-2016,33,INE962C01027,
EASUNREYRL,EQ,24.05,24.5,23.15,23.85,23.65,24.3,14984,356321.55,26-DEC-2016,81,INE268C01029,
ECEIND,EQ,280.8,287,265.95,270.9,271.55,289.4,10585,2940948.2,26-DEC-2016,271,INE588B01014,
ECLERX,EQ,1364,1375,1340,1352.1,1350,1345.35,6575,8879423.1,26-DEC-2016,740,INE738I01010,
ECLFINANCE,N1,998,1001.85,997.5,997.54,997.5,997.02,381,380443.8,26-DEC-2016,17,INE804I07SG6,
ECLFINANCE,N2,1388.01,1388.01,1388.01,1388.01,1388.01,1395,10,13880.1,26-DEC-2016,1,INE804I07SH4,
ECLFINANCE,N3,1120,1120,1102,1106.73,1111,1100.02,153,169818.89,26-DEC-2016,10,INE804I07SI2,
ECLFINANCE,N4,1451,1451,1451,1451,1451,1467.67,200,290200,26-DEC-2016,2,INE804I07SJ0,
ECLFINANCE,N5,1116.1,1117.1,1116.1,1117,1117,1116.14,108,120596.4,26-DEC-2016,6,INE804I08601,
ECLFINANCE,NA,1185,1185,1185,1185,1185,1300,1,1185,26-DEC-2016,1,INE804I07ZK3,
ECLFINANCE,NB,1003,1054.9,1003,1054.45,1054,1045,15,15559.5,26-DEC-2016,3,INE804I07ZL1,
EDELWEISS,EQ,97.7,97.7,90.95,91.9,92.7,98.2,1059433,99240256.45,26-DEC-2016,9859,INE532F01054,
EDL,EQ,52.6,54,50.8,51.5,51.9,53.6,20503,1070102.35,26-DEC-2016,338,INE180G01019,
EDUCOMP,EQ,10.45,10.55,10.1,10.2,10.1,10.45,160517,1647884.35,26-DEC-2016,396,INE216H01027,
EHFLNCD,N1,1021.05,1021.05,1020,1020.48,1020,1040,13,13266.3,26-DEC-2016,2,INE530L07178,
EHFLNCD,N5,1030,1054,1030,1051.6,1048,1052,160,167198,26-DEC-2016,9,INE530L07210,
EHFLNCD,N6,1072.1,1073.9,1069,1069.02,1069,1072.1,2648,2833741.05,26-DEC-2016,27,INE530L07228,
EICHERMOT,EQ,20800,20875.8,20228,20272.8,20250,20921.9,34006,695172211.9,26-DEC-2016,13476,INE066A01013,
EIDPARRY,EQ,243.2,245.75,238.1,243.15,243,243.65,190281,46204818.85,26-DEC-2016,1473,INE126A01031,
EIHAHOTELS,EQ,270,276.7,261.6,262.8,262.7,269,980,259739.95,26-DEC-2016,48,INE276C01014,
EIHOTEL,EQ,94,94.8,92,92.35,92.9,94.95,41210,3842360.6,26-DEC-2016,420,INE230A01023,
EIMCOELECO,BE,350.05,355,345,346.1,347,359.7,1900,658072.4,26-DEC-2016,10,INE158B01016,
EKC,EQ,32,32.95,30,30.25,30.2,32.15,200646,6232394,26-DEC-2016,1185,INE184H01027,
ELAND,EQ,21.15,21.7,20.85,21.1,21.35,21.8,14158,300059.2,26-DEC-2016,91,INE311H01018,
ELECON,EQ,55.05,56.45,53.5,53.65,53.6,55.85,84752,4617927.9,26-DEC-2016,1390,INE205B01023,
ELECTCAST,EQ,22.3,22.3,21.3,21.9,21.85,22,145326,3173510.4,26-DEC-2016,429,INE086A01029,
ELECTHERM,EQ,175,181.4,173,179.8,181.4,180.25,4295,759210.25,26-DEC-2016,72,INE822G01016,
ELGIEQUIP,EQ,178.6,178.6,170.1,170.75,170.1,177.6,8230,1419764.1,26-DEC-2016,352,INE285A01027,
ELGIRUBCO,EQ,34.35,36.6,33,36.1,36.1,35.55,66708,2354039.6,26-DEC-2016,454,INE819L01012,
EMAMIINFRA,EQ,54.05,56.3,52.55,55.4,55.8,54.3,15242,830176.65,26-DEC-2016,211,INE778K01012,
EMAMILTD,EQ,975,1014,953.3,989.45,989,961.15,113163,111831758.8,26-DEC-2016,10173,INE548C01032,
EMCO,EQ,26.65,26.8,25.75,26.2,26.3,26.85,69204,1813258.1,26-DEC-2016,344,INE078A01026,
EMKAY,EQ,58,58,56,56.05,56,57.9,9460,532474.15,26-DEC-2016,96,INE296H01011,
EMMBI,EQ,117,119.3,114,116.2,117.4,118.4,16660,1945175,26-DEC-2016,487,INE753K01015,
ENDURANCE,EQ,560.9,561,536.5,542.55,538.7,561.45,22773,12508822,26-DEC-2016,1570,INE913H01037,
ENERGYDEV,EQ,61.5,64.1,61.4,64.1,64.1,61.05,346016,22070510.55,26-DEC-2016,1328,INE306C01019,
ENGINERSIN,EQ,323.45,323.45,297.15,301.95,303,323.5,4338487,1348226795.9,26-DEC-2016,33725,INE510A01028,
ENIL,EQ,755,811.05,737.1,798,801,751.6,6985,5546678.1,26-DEC-2016,728,INE265F01028,
EON,EQ,57,57.45,55.85,56.8,56.3,58.15,8023,454162.9,26-DEC-2016,100,INE076H01025,
EQ30,EQ,203.5,203.5,203.5,203.5,203.5,205.25,19,3866.5,26-DEC-2016,3,INF754K01EM9,
EQUITAS,EQ,142.9,143.25,139.4,140.65,139.6,143,294538,41639984.55,26-DEC-2016,5563,INE988K01017,
EROSMEDIA,EQ,161.9,161.9,157.2,158,157.55,162.15,52517,8343405.55,26-DEC-2016,1761,INE416L01017,
ESABINDIA,EQ,592,609,556.35,565.8,567.95,591.35,4533,2634198.45,26-DEC-2016,203,INE284A01012,
ESCORTS,EQ,288,289,277.05,279.45,277.95,290.2,518588,147114111.65,26-DEC-2016,8895,INE042A01014,
ESL,EQ,3.25,3.4,3.15,3.2,3.2,3.3,1022520,3366181.7,26-DEC-2016,274,INE481K01013,
ESSARSHPNG,EQ,28.3,28.3,27,27.3,27.2,27.4,6978,190611,26-DEC-2016,119,INE122M01019,
ESSDEE,BZ,56.95,57.8,56.55,56.7,56.55,59.5,9615,544915.2,26-DEC-2016,58,INE825H01017,
ESSELPACK,EQ,245.15,245.4,238.4,241.25,241,247.35,13527,3266723.15,26-DEC-2016,571,INE255A01020,
ESTER,EQ,37.2,37.5,34.65,36.35,36.55,37,46887,1700067.1,26-DEC-2016,867,INE778B01029,
EUROCERA,EQ,6.5,6.8,6.4,6.6,6.6,6.5,45347,300003.15,26-DEC-2016,40,INE649H01011,
EUROTEXIND,EQ,26.75,27.2,26.25,26.45,26.25,28.5,3405,91674.15,26-DEC-2016,40,INE022C01012,
EVEREADY,EQ,213,214.75,205,205.15,205,213.7,77469,16100393.15,26-DEC-2016,1136,INE128A01029,
EVERESTIND,EQ,191.8,191.8,180.3,185.1,180.5,191.7,9337,1739877,26-DEC-2016,259,INE295A01018,
EXCEL,EQ,35,35.6,35,35.2,35.25,35,21022,738994.75,26-DEC-2016,47,INE688J01015,
EXCELCROP,EQ,1700,1701,1640,1644.7,1650,1696.9,2641,4402839.4,26-DEC-2016,250,INE223G01017,
EXCELINDUS,EQ,341.8,347.7,325.55,327.95,327.2,341.8,2757,914158.15,26-DEC-2016,215,INE369A01029,
EXIDEIND,EQ,172.5,175,170.2,173.05,173.2,173.3,1970757,340709693.15,26-DEC-2016,12875,INE302A01020,
FACT,EQ,22.95,22.95,22.4,22.55,22.4,22.8,21405,486246.2,26-DEC-2016,131,INE188A01015,
FAGBEARING,EQ,3828,3869.95,3820,3826.15,3850,3827.6,632,2420596.1,26-DEC-2016,193,INE513A01014,
FARMAXIND,EQ,0.15,0.15,0.1,0.1,0.1,0.15,67500,9625,26-DEC-2016,3,INE890I01035,
FCL,EQ,28.15,28.6,27.3,27.55,27.5,28.6,84692,2350516.85,26-DEC-2016,400,INE045J01026,
FCONSUMER,EQ,19.65,19.85,19.1,19.3,19.35,19.6,699939,13554554.65,26-DEC-2016,2037,INE220J01025,
FCSSOFT,EQ,0.35,0.4,0.3,0.3,0.35,0.35,764176,259333.1,26-DEC-2016,3211,INE512B01022,
FDC,EQ,202.05,212.8,202.05,210.15,210.5,206.85,29240,6041166.6,26-DEC-2016,814,INE258B01022,
FEDDERLOYD,EQ,61.15,61.85,58.05,58.3,58.05,61.05,104919,6217747.6,26-DEC-2016,833,INE249C01011,
FEDERALBNK,EQ,65.45,65.5,61.8,62.4,62.8,65,5115520,323640185.95,26-DEC-2016,15722,INE171A01029,
FEL,EQ,16.05,16.45,16.05,16.1,16.1,16.3,261688,4228831.15,26-DEC-2016,591,INE623B01027,
FELDVR,EQ,16.1,16.7,15.95,16,15.95,16.3,21435,344130,26-DEC-2016,71,IN9623B01058,
FIEMIND,EQ,1071.6,1100,1051,1089.2,1090,1093.5,16666,18034098.6,26-DEC-2016,1475,INE737H01014,
FILATEX,EQ,64.05,64.9,62.4,63.05,63.1,64.95,11642,735884.4,26-DEC-2016,250,INE816B01019,
FINANTECH,EQ,71.65,71.85,69.7,70.1,70.5,71.2,76575,5382721.65,26-DEC-2016,1324,INE111B01023,
FINCABLES,EQ,404.5,429.9,400,420.4,429.5,404.15,48677,20019566.2,26-DEC-2016,1752,INE235A01022,
FINPIPE,EQ,436,437.1,429.1,430.85,433,436.2,70654,30396021.75,26-DEC-2016,1048,INE183A01016,
FIRSTWIN,EQ,2.05,2.05,2.05,2.05,2.05,2.05,9,18.45,26-DEC-2016,1,INE315J01015,
FLEXITUFF,EQ,184.2,190,181,182.8,181,184.25,26506,4859409.8,26-DEC-2016,377,INE060J01017,
FLFL,BL,123,123,123,123,123,147,30570108,3760123284,26-DEC-2016,1,INE452O01016,
FLFL,EQ,123.6,124.1,117.4,119.9,118.1,122.95,61436,7489748.45,26-DEC-2016,4658,INE452O01016,
FMGOETZE,EQ,467.65,473.65,462.2,467.8,468.1,467.65,1457,681273.05,26-DEC-2016,266,INE529A01010,
FMNL,EQ,36.15,36.5,32.4,33.05,33,36.55,24900,863052.2,26-DEC-2016,212,INE360L01017,
FORTIS,EQ,178.05,178.5,171.35,172.05,171.4,179.15,431830,75014465.3,26-DEC-2016,5074,INE061F01013,
FOSECOIND,EQ,1270.15,1334.9,1265.75,1270.25,1269.3,1253.3,484,626971.4,26-DEC-2016,184,INE519A01011,
FOURTHDIM,SM,153.9,153.95,153.9,153.95,153.95,146.65,6000,923600,26-DEC-2016,3,INE382T01014,
FRETAIL,EQ,121.3,123.45,120,120.4,120.45,123.7,40503,4908623.05,26-DEC-2016,618,INE752P01024,
FSL,EQ,36,36.7,35.65,36.5,36.4,36.35,873792,31630959.75,26-DEC-2016,3387,INE684F01012,
GABRIEL,EQ,106.2,106.65,103.15,104.65,105.4,107.15,108199,11351406.2,26-DEC-2016,1647,INE524A01029,
GAEL,EQ,88.15,88.85,87.5,88.25,88.4,88.95,65250,5753819.95,26-DEC-2016,925,INE036B01022,
GAIL,EQ,430,433.75,424.1,428.5,429,431.55,1262405,540953613.2,26-DEC-2016,27259,INE129A01019,
GAL,EQ,11.65,11.65,11.1,11.25,11.1,11.65,170435,1942162.3,26-DEC-2016,363,INE482J01021,
GALLANTT,EQ,39.65,41.6,37.05,38.15,38.35,39.85,20006,800903.9,26-DEC-2016,494,INE297H01019,
GALLISPAT,EQ,489.3,489.95,488.85,489.45,489.45,489.6,10061,4924682.25,26-DEC-2016,424,INE528K01011,
GAMMNINFRA,EQ,3.6,3.65,3.55,3.55,3.55,3.65,422103,1516577.4,26-DEC-2016,310,INE181G01025,
GAMMONIND,EQ,11.65,11.8,11.3,11.35,11.4,11.65,149390,1720237.65,26-DEC-2016,320,INE259B01020,
GANDHITUBE,EQ,295,299.95,294.6,294.95,294.6,298.95,485,143432.35,26-DEC-2016,17,INE524B01027,
GANECOS,EQ,178,178,167.15,169.25,167.15,170.55,5630,965669.4,26-DEC-2016,116,INE845D01014,
GANESHHOUC,EQ,65.65,65.65,62.8,63.5,63.1,65.55,30129,1909779.2,26-DEC-2016,421,INE460C01014,
GARDENSILK,EQ,29.5,29.5,28.25,28.3,28.3,29.25,15499,442842.65,26-DEC-2016,160,INE526A01016,
GARWALLROP,EQ,621,630,593,602.6,597,630,13000,7950122.15,26-DEC-2016,979,INE276A01018,
GATI,EQ,114.95,114.95,110.05,110.95,110.75,114.95,396359,44418444.1,26-DEC-2016,5062,INE152B01027,
GAYAPROJ,EQ,620,648,601.15,607.55,604.6,628.7,50586,31933648,26-DEC-2016,3447,INE336H01015,
GDL,EQ,225,233.5,217.75,230.1,231.4,223.25,129063,29641194.75,26-DEC-2016,4192,INE852F01015,
GEECEE,EQ,116.6,119.6,116.1,117.8,118,119,6172,725125.75,26-DEC-2016,224,INE916G01016,
GEMINI,EQ,2,2,1.9,1.95,1.95,1.95,44040,83841.45,26-DEC-2016,24,INE878C01033,
GENESYS,EQ,123.7,126.75,116.6,120.45,120.2,120.7,87289,10696891.2,26-DEC-2016,1465,INE727B01026,
GENUSPAPER,EQ,5.65,5.65,5.3,5.45,5.4,5.55,69610,377889.95,26-DEC-2016,104,INE949P01018,
GENUSPOWER,EQ,39.85,39.85,36.8,37,37.25,39,101581,3810312.95,26-DEC-2016,693,INE955D01029,
GEOJITBNPP,EQ,35.25,35.6,34.5,34.55,34.75,35.6,27028,940009.55,26-DEC-2016,219,INE007B01023,
GEOMETRIC,EQ,241.95,246,238.25,242.2,243.4,244.35,64338,15601614.9,26-DEC-2016,1787,INE797A01021,
GEPIL,EQ,458,465.4,451,456.35,454,467.9,1936,884700.45,26-DEC-2016,207,INE878A01011,
GESHIP,EQ,369,369,352,352.2,352,358.4,24977,8834257.75,26-DEC-2016,931,INE017A01032,
GET&D,EQ,292.15,298.9,285.65,287.35,285.65,296.45,7755,2249770.65,26-DEC-2016,649,INE200A01026,
GHCL,EQ,241.85,243,236.8,240.1,239.5,242.95,144420,34553413.2,26-DEC-2016,1880,INE539A01019,
GICHSGFIN,EQ,259.2,263.8,253.2,259,258.5,261.05,52660,13615695.75,26-DEC-2016,2332,INE289B01019,
GILLANDERS,EQ,62,62,60,60.45,60,62.45,3026,185003.55,26-DEC-2016,33,INE047B01011,
GILLETTE,EQ,4253,4326.95,4252.05,4300.45,4275.05,4293.05,2560,10991505.3,26-DEC-2016,670,INE322A01010,
GINNIFILA,EQ,19.4,19.8,19.2,19.35,19.25,19.7,29617,572234.05,26-DEC-2016,143,INE424C01010,
GIPCL,EQ,93.9,94.5,92.25,93.05,93.15,94.25,36425,3403508.25,26-DEC-2016,651,INE162A01010,
GITANJALI,EQ,56.7,56.7,52.7,53.05,52.8,56.75,637311,34671556.05,26-DEC-2016,5012,INE346H01014,
GKWLIMITED,EQ,425.05,450,425,430.95,430,440.35,185,81712.1,26-DEC-2016,15,INE528A01020,
GLAXO,EQ,2703,2740,2677,2723.5,2715,2727,3953,10714890.05,26-DEC-2016,1068,INE159A01016,
GLENMARK,EQ,925,925,877,888.7,889.25,925.7,371496,332973398.25,26-DEC-2016,26388,INE935A01035,
GLOBALVECT,EQ,80.75,80.9,79.5,80,79.6,82,4671,374553.45,26-DEC-2016,57,INE792H01019,
GLOBOFFS,EQ,56,59,52.25,52.75,53.7,58.05,411340,22150836.15,26-DEC-2016,4343,INE446C01013,
GLOBUSSPR,EQ,83.7,83.7,80.1,80.9,81.3,83.8,68934,5601606.4,26-DEC-2016,1074,INE615I01010,
GMBREW,EQ,501.95,501.95,482,485.65,486.6,502,23203,11345904.3,26-DEC-2016,1566,INE075D01018,
GMDCLTD,EQ,91.55,91.9,89.4,89.6,89.5,91.6,221017,19899629.85,26-DEC-2016,1789,INE131A01031,
GMRINFRA,EQ,11.6,11.65,11.25,11.3,11.3,11.7,3866142,44338563.15,26-DEC-2016,2546,INE776C01039,
GNA,EQ,180.55,181.5,177,179.65,179.5,180.45,14390,2575911.05,26-DEC-2016,588,INE934S01014,
GNFC,EQ,208.9,211.9,202.25,204.35,203,206.95,460403,95779564.4,26-DEC-2016,5785,INE113A01013,
GOACARBON,EQ,101.3,103,99.4,99.9,99.45,103.2,41133,4150122.35,26-DEC-2016,678,INE426D01013,
GOCLCORP,EQ,264.9,264.9,242.35,246.35,242.35,265.8,4299,1082862.75,26-DEC-2016,201,INE077F01035,
GODFRYPHLP,EQ,851,854.2,822.95,833.1,830,852.35,35207,29398930.55,26-DEC-2016,2526,INE260B01028,
GODREJCP,EQ,1422,1444.8,1411.15,1432.1,1430,1433.6,94150,134676070.1,26-DEC-2016,16967,INE102D01028,
GODREJIND,EQ,402,407.9,393.1,402.15,401.55,402.9,575161,230085335.45,26-DEC-2016,15196,INE233A01035,
GODREJPROP,EQ,290,303.9,289.95,293.6,291,293.75,56599,16713691.65,26-DEC-2016,1804,INE484J01027,
GOENKA,BZ,0.7,0.7,0.7,0.7,0.7,0.75,4020,2814,26-DEC-2016,3,INE516K01024,
GOKEX,EQ,57.5,58.05,56.1,56.4,56.35,58,55799,3178804,26-DEC-2016,875,INE887G01027,
GOKUL,BE,21.6,21.85,21.5,21.5,21.5,22.6,4773,102950.3,26-DEC-2016,21,INE020J01029,
GOKULAGRO,EQ,19.6,20.6,18.65,20.15,20.35,19.5,10369,208171.85,26-DEC-2016,88,INE314T01025,
GOLDBEES,EQ,2536,2536,2478,2500,2500,2486.3,11232,28028402.65,26-DEC-2016,1154,INF732E01102,
GOLDENTOBC,EQ,60.75,60.75,58.75,59.4,59.45,61.4,2868,169838.75,26-DEC-2016,25,INE973A01010,
GOLDIAM,EQ,67,67.45,60.95,63.1,60.95,65,8739,562706.85,26-DEC-2016,206,INE025B01017,
GOLDINFRA,EQ,29,29,26,26.3,26.75,26.75,9129,242896.85,26-DEC-2016,58,INE260D01016,
GOLDIWIN,EQ,254,254.9,251.35,254.7,254.7,253.85,266,67575.15,26-DEC-2016,38,INF109KB1WF4,
GOLDSHARE,EQ,2484,2499,2480,2483.7,2484,2484.4,659,1638183.25,26-DEC-2016,161,INF789F01059,
GOLDTECH,EQ,6.35,6.95,6.15,6.15,6.15,6.8,20588,126929,26-DEC-2016,24,INE805A01014,
GOODLUCK,EQ,84.25,84.25,80.5,82,82,84.9,22737,1869308.3,26-DEC-2016,371,INE127I01024,
GPIL,EQ,58.7,60.85,56.5,56.6,56.5,58.85,10873,623293.55,26-DEC-2016,160,INE177H01013,
GPPL,EQ,130,130,121,124.25,124,129.25,286882,35429590.8,26-DEC-2016,6520,INE517F01014,
GPTINFRA,EQ,224.2,225,220.1,224.5,222,226.3,6839,1530384.95,26-DEC-2016,23,INE390G01014,
GRANULES,EQ,108.45,108.65,101.15,102.1,101.65,108.55,1200587,125053570.15,26-DEC-2016,9203,INE101D01020,
GRAPHITE,EQ,73.6,73.6,71.5,71.8,72.1,72.85,10084,727117.3,26-DEC-2016,167,INE371A01025,
GRASIM,EQ,828.4,828.4,811.95,814.85,813.95,828.55,295227,241275243.9,26-DEC-2016,13144,INE047A01021,
GRAVITA,EQ,40.3,40.75,39,39.95,40,40.65,102324,4099566.65,26-DEC-2016,798,INE024L01027,
GREAVESCOT,EQ,119.7,120.05,115.35,117.4,117.3,119.7,50447,5945965.4,26-DEC-2016,1237,INE224A01026,
GREENFIRE,EQ,1.9,1.95,1.85,1.85,1.85,1.9,3207,6137.95,26-DEC-2016,13,INE217G01027,
GREENLAM,EQ,561.55,615,561.55,606.9,610,580.7,1766,1046740.75,26-DEC-2016,90,INE544R01013,
GREENPLY,EQ,242.7,249.85,238.5,241,241,247.5,24221,5907883.9,26-DEC-2016,1371,INE461C01038,
GREENPOWER,EQ,9.5,9.75,9.2,9.25,9.25,9.5,50792,473500.55,26-DEC-2016,108,INE999K01014,
GRINDWELL,EQ,320.05,326.45,317.3,320.8,319.5,325.7,2952,951642.65,26-DEC-2016,393,INE536A01023,
GRPLTD,EQ,1382.05,1382.05,1380,1381.25,1380,1427,26,35912.3,26-DEC-2016,7,INE137I01015,
GRUH,EQ,310.95,310.95,298,300.6,299.1,311.15,38767,11714220.55,26-DEC-2016,1037,INE580B01029,
GSCLCEMENT,EQ,23.2,24.8,23.2,23.55,23.7,23.55,18840,448238.9,26-DEC-2016,130,INE542A01039,
GSFC,EQ,94.05,94.25,88.55,89.15,89.4,93.55,1082372,98146171.65,26-DEC-2016,7504,INE026A01025,
GSKCONS,EQ,4989.9,5010,4930,4976.75,4975,4951.15,4552,22618408.05,26-DEC-2016,991,INE264A01014,
GSPL,EQ,144.3,145.45,129.35,131.5,130.9,137.65,904226,125273739.2,26-DEC-2016,10557,INE246F01010,
GSS,EQ,27,28,26.05,26.65,27.4,27.55,1904,51251.15,26-DEC-2016,26,INE871H01011,
GTL,EQ,16.15,16.6,15.25,15.5,15.25,16.3,215772,3396699.15,26-DEC-2016,1567,INE043A01012,
GTLINFRA,EQ,4.55,4.55,4.15,4.2,4.25,4.45,2141494,9138412.55,26-DEC-2016,819,INE221H01019,
GTNIND,EQ,12.1,13,11.5,12.75,12.8,13,1658,20898,26-DEC-2016,36,INE537A01013,
GTNTEX,EQ,12.9,13,12.2,12.6,13,12.55,2173,27216.8,26-DEC-2016,22,INE302H01017,
GTOFFSHORE,EQ,23,23.2,22.1,22.15,22.1,23.25,78545,1763520.7,26-DEC-2016,873,INE892H01017,
GUFICBIO,EQ,52.55,53.45,50.75,51.85,51.5,53.4,96593,4984576.95,26-DEC-2016,1031,INE742B01025,
GUJALKALI,EQ,333,333.5,320.5,322.15,320.95,333,45182,14740371.25,26-DEC-2016,1425,INE186A01019,
GUJAPOLLO,EQ,133,134.95,129.1,130.4,133.8,134.95,1729,227412.5,26-DEC-2016,65,INE826C01016,
GUJFLUORO,EQ,465.95,474,462.35,466.1,465,468.2,4972,2320510.75,26-DEC-2016,456,INE538A01037,
GUJGASLTD,EQ,518.25,525,505,510.5,513,516.8,11011,5683159.9,26-DEC-2016,820,INE844O01022,
GUJNRECOKE,EQ,3.2,3.3,3.15,3.15,3.15,3.25,614278,1976483.6,26-DEC-2016,339,INE110D01013,
GUJNREDVR,EQ,2.8,3.1,2.8,2.8,2.8,2.85,837,2346.45,26-DEC-2016,13,IN9110D01011,
GULFOILLUB,EQ,631,634.7,580.05,593,588,635.55,12245,7349728.25,26-DEC-2016,738,INE635Q01029,
GULFPETRO,EQ,80,80.75,77.65,80.1,80.6,80.7,56746,4490635.55,26-DEC-2016,581,INE586G01017,
GULPOLY,EQ,373.5,378.7,369,371.25,371.15,379.3,11995,4467943.6,26-DEC-2016,322,INE255D01016,
GVKPIL,EQ,5.45,5.5,5.3,5.3,5.35,5.5,963344,5177110.9,26-DEC-2016,630,INE251H01024,
HANUNG,EQ,4.4,4.6,4.15,4.4,4.4,4.4,201052,879002.1,26-DEC-2016,331,INE648H01013,
HARITASEAT,EQ,655.1,678.9,650,655.05,656.9,672.8,3235,2142158.55,26-DEC-2016,190,INE939D01015,
HARRMALAYA,EQ,62.65,63.85,61.05,61.35,61.1,63.85,26993,1674097.65,26-DEC-2016,575,INE544A01019,
HATHWAY,EQ,33.55,36.35,33.15,34.45,34.3,33.75,330090,11557407.65,26-DEC-2016,2177,INE982F01036,
HATSUN,EQ,352.1,355,350.55,352.9,355,352.6,5111,1801918.45,26-DEC-2016,123,INE473B01035,
HAVELLS,EQ,327.5,329,312.65,313.55,313.2,325.55,985546,313080033.25,26-DEC-2016,18680,INE176B01034,
HBLPOWER,EQ,35.6,35.7,34.55,34.95,34.7,35.95,119623,4206582.15,26-DEC-2016,915,INE292B01021,
HBSTOCK,EQ,16.3,16.3,15.55,15.55,15.55,15.9,7000,108976.35,26-DEC-2016,49,INE550B01014,
HCC,EQ,37.7,38,35.95,36.05,36,38.15,3787504,139723166.7,26-DEC-2016,9370,INE549A01026,
HCG,EQ,236.05,242.25,230,233.25,234.8,239.2,35509,8488104.85,26-DEC-2016,468,INE075I01017,
HCL-INSYS,EQ,57.2,57.5,53.8,54.15,53.85,57.7,2201040,122193246.35,26-DEC-2016,11049,INE236A01020,
HCLTECH,EQ,791.9,797.8,783.3,790.4,788.35,793.75,558575,442336730.2,26-DEC-2016,22196,INE860A01027,
HDFC,EQ,1220,1224.25,1206,1219.5,1221.9,1224.85,747342,909044238.9,26-DEC-2016,38777,INE001A01036,
HDFC,W2,132,135,132,135,135,138,102200,13512300,26-DEC-2016,3,INE001A13031,
HDFCBANK,EQ,1178.55,1186.1,1170.1,1175,1177.3,1186.25,1045966,1230203112.25,26-DEC-2016,29237,INE040A01026,
HDFCMFGETF,EQ,2570,2594.75,2551.65,2589.1,2592,2570,706,1822637.9,26-DEC-2016,239,INF179K01CN1,
HDFCNIFETF,EQ,802,803.7,801,801.25,801.25,808,195,156398.03,26-DEC-2016,16,INF179KB1KP3,
HDFCSENETF,EQ,2629.16,2629.16,2626.95,2626.95,2626.95,2655.81,255,669874.46,26-DEC-2016,3,INF179KB1KQ1,
HDIL,EQ,57.4,57.6,54,54.25,54.15,58.05,9508671,526471731,26-DEC-2016,30021,INE191I01012,
HEG,EQ,147.5,152,146.5,148.45,147.95,149.2,3871,578654.25,26-DEC-2016,218,INE545A01016,
HEIDELBERG,EQ,106.15,106.15,101.85,102.65,102.15,105.45,96620,10022292.55,26-DEC-2016,1261,INE578A01017,
HERCULES,EQ,134.65,135.7,133.15,133.65,134.1,136,5595,748544.8,26-DEC-2016,200,INE688E01024,
HERITGFOOD,EQ,854.95,860,825,830.65,832,848.55,17574,14678313.1,26-DEC-2016,2143,INE978A01019,
HEROMOTOCO,EQ,3041.1,3049.9,2975.25,3007.6,3000.1,3040.1,143439,429638477.15,26-DEC-2016,18531,INE158A01026,
HESTERBIO,EQ,724.95,725,691,695.15,691,725,2430,1713808.8,26-DEC-2016,199,INE782E01017,
HEXATRADEX,EQ,14,15.4,14,14.55,14.55,14.8,17564,258285.3,26-DEC-2016,54,INE750M01017,
HEXAWARE,EQ,204.8,204.8,199.75,201.45,199.85,204.25,545993,110547174.85,26-DEC-2016,4511,INE093A01033,
HFCL,EQ,12.3,12.3,11.9,12,11.9,12.25,1119373,13525978.2,26-DEC-2016,1203,INE548A01028,
HGS,EQ,514,514,486.05,496.4,491,517.1,10652,5333974.65,26-DEC-2016,366,INE170I01016,
HIGHGROUND,EQ,36.5,38.9,33.25,35.25,35.1,36.25,77014,2734174.35,26-DEC-2016,264,INE361M01021,
HIKAL,EQ,208.55,210.5,204.35,205.05,206.4,210.35,14206,2946210.8,26-DEC-2016,677,INE475B01022,
HIL,EQ,594,598,585,588.9,587.3,594.05,935,549851.15,26-DEC-2016,109,INE557A01011,
HILTON,EQ,17.5,18.4,17.05,18.05,18.2,17.6,7865,140947.7,26-DEC-2016,73,INE788H01017,
HIMATSEIDE,EQ,275.1,275.1,267,270.55,269.1,276.1,40148,10864454.85,26-DEC-2016,1041,INE049A01027,
HINDALCO,EQ,157.5,157.5,149.7,151.5,151.3,159.3,10229442,1557369426.05,26-DEC-2016,64781,INE038A01020,
HINDCOMPOS,EQ,1491.65,1540.8,1491.65,1522.05,1494.1,1505.4,384,585348.9,26-DEC-2016,54,INE310C01011,
HINDCOPPER,EQ,58.25,61.9,57.7,58.2,58.05,58.55,1888829,112922413.9,26-DEC-2016,9206,INE531E01026,
HINDDORROL,EQ,11.35,11.9,11.35,11.45,11.5,11.95,69484,803005.8,26-DEC-2016,195,INE551A01022,
HINDMOTORS,EQ,6.9,6.9,6.7,6.75,6.75,6.85,207449,1405533.3,26-DEC-2016,257,INE253A01025,
HINDNATGLS,EQ,100.5,105,98.1,100.1,100.5,104.9,579,58113.05,26-DEC-2016,27,INE952A01022,
HINDOILEXP,EQ,62.6,62.95,60.6,61.25,61,62.05,532197,32744263.25,26-DEC-2016,3702,INE345A01011,
HINDPETRO,EQ,420,421.1,410,413.3,413.45,420.55,2125904,881613488.55,26-DEC-2016,40643,INE094A01015,
HINDSYNTEX,EQ,11.25,11.25,11,11,11,11,22,244.75,26-DEC-2016,3,INE155B01012,
HINDUJAFO,EQ,30.1,30.4,29.55,29.95,30,30.8,14345,430539.7,26-DEC-2016,73,INE291F01016,
HINDUJAVEN,EQ,511.9,511.9,491,498.9,500,511.9,1625,816321.15,26-DEC-2016,153,INE353A01023,
HINDUNILVR,EQ,788,804.9,785.05,801.8,804,789.5,686679,548164909.8,26-DEC-2016,21575,INE030A01027,
HINDZINC,EQ,255.05,257,248.5,249.7,249.4,258.45,1626586,407732493.8,26-DEC-2016,25675,INE267A01025,
HIRECT,EQ,85.2,85.2,82.35,83.2,83,84.95,2516,211366.95,26-DEC-2016,32,INE835D01023,
HITECH,SM,126,127,123,123,123,121,4500,564000,26-DEC-2016,3,INE106T01017,
HITECHGEAR,EQ,293,293,281.6,283.55,283.05,296.45,4298,1232303.6,26-DEC-2016,291,INE127B01011,
HITECHPLAS,EQ,153.05,155.5,150,150.5,150,155,8103,1226836.15,26-DEC-2016,296,INE120D01012,
HMT,BE,39.95,39.95,37,39.55,39.75,38.45,36325,1424124.25,26-DEC-2016,130,INE262A01018,
HMVL,EQ,273.9,273.9,258.1,259.9,259.9,267.75,9915,2595651.7,26-DEC-2016,335,INE871K01015,
HNGSNGBEES,EQ,2219.9,2229,2155,2160,2155,2229,33,71906.3,26-DEC-2016,11,INF732E01227,
HOCL,EQ,18.95,18.95,18,18.1,18.05,18.75,37739,693800.45,26-DEC-2016,175,INE048A01011,
HONAUT,EQ,8422,8490,8255,8389.1,8482.85,8503.85,359,3006624.85,26-DEC-2016,127,INE671A01010,
HONDAPOWER,EQ,1415,1438,1370,1386.5,1380,1411.95,3601,5038339.5,26-DEC-2016,390,INE634A01018,
HOTELEELA,EQ,15.95,16.05,15.75,15.8,15.8,16.05,44469,707493.85,26-DEC-2016,233,INE102A01024,
HOVS,EQ,107.2,107.35,102.3,103.35,102.35,107.75,14820,1547922.15,26-DEC-2016,405,INE596H01014,
HPL,EQ,99.45,99.45,95.2,95.5,95.9,99.05,99308,9575630.55,26-DEC-2016,1470,INE495S01016,
HSCL,EQ,34.25,34.3,33.7,34,34.3,34.25,182446,6202922.05,26-DEC-2016,489,INE019C01026,
HSIL,EQ,278.4,281,276,279.85,280,280.75,23652,6587791.75,26-DEC-2016,1756,INE415A01038,
HTMEDIA,EQ,74.5,74.5,71.6,72,71.6,73.15,59444,4301946.95,26-DEC-2016,1208,INE501G01024,
HUBTOWN,EQ,93,93,87.2,88,88,89.5,2747,242258.85,26-DEC-2016,90,INE703H01016,
HUDCO,N2,1234,1250,1230,1244.16,1245,1250,1720,2134526.98,26-DEC-2016,22,INE031A07840,
HUDCO,N3,1200,1225,1200,1225,1225,1200.4,80,96750,26-DEC-2016,3,INE031A07832,
HUSYSLTD,SM,38,38,35.1,35.1,35.1,39.25,4000,146200,26-DEC-2016,2,INE336T01010,
IBREALEST,EQ,70.7,70.7,67.75,69.45,69.5,70.65,6145140,423821858.7,26-DEC-2016,21541,INE069I01010,
IBULHSGFIN,EQ,634,639.4,625.8,629.15,631.75,639.25,636780,402124390.85,26-DEC-2016,26164,INE148I01020,
IBULHSGFIN,N3,1008,1008,1008,1008,1008,1020,10,10080,26-DEC-2016,1,INE148I07GA6,
IBULHSGFIN,NA,1016.89,1016.89,1016.89,1016.89,1016.89,1017.99,1,1016.89,26-DEC-2016,1,INE148I07GL3,
IBULHSGFIN,NC,925.05,925.05,925.05,925.05,925.05,1001,4,3700.2,26-DEC-2016,1,INE148I08231,
IBULHSGFIN,NE,1010,1011,1010,1011,1011,1010,274,276835,26-DEC-2016,5,INE148I08256,
IBVENTURES,EQ,20,20,19.5,19.85,20,20,158902,3146242.6,26-DEC-2016,552,INE274G01010,
IBWSL,EQ,20.3,20.3,18.6,19.5,19.65,20.15,74889,1468654.65,26-DEC-2016,626,INE126M01010,
ICICIBANK,EQ,252.25,252.45,247.1,248.15,247.85,251.85,6151958,1529553389.6,26-DEC-2016,50525,INE090A01021,
ICICIPRULI,EQ,299,300.5,294.55,295.05,295,300.65,483325,143480424.55,26-DEC-2016,13828,INE726G01019,
ICIL,EQ,157.6,158.3,152.3,152.95,152.3,158.35,230978,35686969.7,26-DEC-2016,4153,INE483B01026,
ICRA,EQ,3940.05,3970,3891,3954.6,3970,3966.45,435,1717899.6,26-DEC-2016,159,INE725G01011,
ICSA,EQ,2.85,2.95,2.75,2.85,2.85,2.85,18552,52470.4,26-DEC-2016,36,INE306B01029,
IDBI,EQ,67.7,68,65.75,65.95,65.8,67.8,1462875,97300278.95,26-DEC-2016,5405,INE008A01015,
IDBIGOLD,EQ,2547.95,2547.95,2531,2534.25,2539,2535,65,165333,26-DEC-2016,19,INF397L01554,
IDEA,EQ,71.45,71.45,69.1,69.4,69.4,70.8,3545596,247435944.95,26-DEC-2016,17186,INE669E01016,
IDFC,EQ,51.35,51.65,50.25,50.55,50.4,51.7,2624267,133827408.45,26-DEC-2016,13019,INE043D01016,
IDFCBANK,EQ,58.75,58.75,55.35,56.2,56.15,58.75,7083364,401966536.75,26-DEC-2016,34846,INE092T01019,
IDFCBANK,N1,5015,5015,5010,5010,5010,5010,6,30070,26-DEC-2016,2,INE092T08CC6,
IDFCBANK,N2,7593,7800,7593,7800,7800,7593.04,34,263386,26-DEC-2016,10,INE092T08CD4,
IDFCBANK,N3,4782.05,4782.05,4782,4782,4782,4781.05,4,19128.05,26-DEC-2016,3,INE092T08CE2,
IDFCBANK,N4,7260.99,7450,7260.99,7400,7400,7400,8,59021.98,26-DEC-2016,3,INE092T08CF9,
IDFCBANK,N6,7700,7700,7565.59,7700,7700,7699,26,198416.7,26-DEC-2016,8,INE092T08CH5,
IDFCBANK,N8,7550,7550,7550,7550,7550,7800,4,30200,26-DEC-2016,1,INE092T08CJ1,
IDFNIFTYET,EQ,79,79.4,79,79.3,79.3,79.88,107,8483.8,26-DEC-2016,3,INF194KA1U07,
IFBAGRO,EQ,383.05,386.8,362.5,366.7,363,379.3,952,352344.8,26-DEC-2016,65,INE076C01018,
IFBIND,EQ,421,432.6,418.05,429.4,430.05,425.6,11150,4759554.35,26-DEC-2016,460,INE559A01017,
IFCI,EQ,25.65,25.7,24.3,24.45,24.4,25.9,10146200,252397233.05,26-DEC-2016,12499,INE039A01010,
IFCI,NC,1099,1099,1099,1099,1099,1051,110,120890,26-DEC-2016,2,INE039A07751,
IFCI,NH,1101,1101,1101,1101,1101,1105,20,22020,26-DEC-2016,1,INE039A07801,
IFGLREFRAC,EQ,165.2,165.2,150.5,154.45,154,165.2,29807,4642610.4,26-DEC-2016,1230,INE023B01012,
IGARASHI,EQ,704.9,704.95,668.15,679.8,680,699.55,19280,13103859.55,26-DEC-2016,891,INE188B01013,
IGL,EQ,876.7,898,867.2,889.25,887.5,877.1,930844,826339843.8,26-DEC-2016,27768,INE203G01019,
IGPL,EQ,231.35,231.35,217.5,219.15,220,228.45,24409,5377316.45,26-DEC-2016,612,INE204A01010,
IIFL,EQ,258.6,258.6,250,251.7,251.7,259.05,392206,99183862.3,26-DEC-2016,893,INE530B01024,
IIFLFIN,N5,1067,1067,1061,1063.09,1061.01,1065.92,2369,2521596.72,26-DEC-2016,59,INE866I08139,
IIFLFIN,N6,1123,1124.26,1123,1124.26,1124.26,1126.5,55,61828,26-DEC-2016,4,INE866I08147,
IIFLFIN,NA,1070,1077.98,1070,1070,1070,1066,315,337129.8,26-DEC-2016,9,INE866I07594,
IIFLFIN,NB,1116.01,1146,1116.01,1146,1146,1135.85,103,116475.83,26-DEC-2016,5,INE866I07602,
IIHFL,N1,1050.01,1054.99,1050.01,1050.32,1050.15,1052.39,394,414114.62,26-DEC-2016,23,INE477L07040,
IIHFL,N2,1090,1106,1088,1099.33,1099,1106.55,795,872396.15,26-DEC-2016,32,INE477L08014,
IIHFL,N3,1450,1450,1450,1450,1450,1459.99,400,580000,26-DEC-2016,2,INE477L08022,
IITL,EQ,71,71,71,71,71,71.8,115,8165,26-DEC-2016,2,INE886A01014,
IL&FSENGG,EQ,41,42.45,40.15,40.55,40.55,41.45,43242,1775394.8,26-DEC-2016,298,INE369I01014,
IL&FSTRANS,EQ,100,101.15,98.05,98.5,98.25,101.15,171522,17053901.45,26-DEC-2016,1751,INE975G01012,
IMFA,EQ,559.9,569.5,532,536.6,534,558.1,28857,15781595.5,26-DEC-2016,1042,INE919H01018,
IMPAL,EQ,740,744,716,743.95,743.9,726.75,592,431234,26-DEC-2016,125,INE547E01014,
IMPEXFERRO,EQ,1.6,1.6,1.6,1.6,1.6,1.65,1000,1600,26-DEC-2016,2,INE691G01015,
INDBANK,EQ,12.9,13,12.2,12.75,13,12.55,31287,395266.65,26-DEC-2016,117,INE841B01017,
INDHOTEL,EQ,96,97.2,93.9,96.85,97.05,95.25,298685,28400291.35,26-DEC-2016,6467,INE053A01029,
INDIACEM,EQ,111.8,111.8,107.5,107.8,107.7,112.15,2328882,254474338.5,26-DEC-2016,9841,INE383A01012,
INDIAGLYCO,EQ,136.55,136.55,129.5,130.35,130.75,137,90340,11983006.25,26-DEC-2016,1518,INE560A01015,
INDIANB,EQ,206.1,208.1,201,202.3,203.55,209.45,302611,61685739.8,26-DEC-2016,5895,INE562A01011,
INDIANCARD,EQ,213.1,215,202.65,209.5,202.65,218.7,1852,390934.25,26-DEC-2016,49,INE061A01014,
INDIANHUME,EQ,364.95,371.9,349.3,366.45,370,363,10014,3613119.55,26-DEC-2016,812,INE323C01030,
INDIGO,EQ,825.45,840,820,828.6,831.5,825.05,322816,268351659.85,26-DEC-2016,3953,INE646L01027,
INDLMETER,EQ,78.2,83.65,78.2,80.95,80.95,81.35,5855,471708.8,26-DEC-2016,22,INE065B01013,
INDNIPPON,EQ,495.05,495.05,477.7,482,480.6,498.6,2830,1375068.9,26-DEC-2016,146,INE092B01017,
INDOCO,EQ,258.05,260,250.4,252.4,252.15,258.5,19721,5069282.25,26-DEC-2016,306,INE873D01024,
INDORAMA,EQ,28.95,28.95,27.8,28.2,28.2,28.85,20631,582720.95,26-DEC-2016,140,INE156A01020,
INDOSOLAR,EQ,5.95,6.1,5.8,5.85,5.9,5.95,235296,1395913.35,26-DEC-2016,299,INE866K01015,
INDOTECH,EQ,203.7,203.7,198.55,200.45,200,204.55,4004,802522.2,26-DEC-2016,288,INE332H01014,
INDOTHAI,EQ,19.65,19.65,17.4,18,18,19.7,3290,60572.25,26-DEC-2016,70,INE337M01013,
INDOWIND,BE,4.5,4.5,4.25,4.25,4.25,4.4,35055,150575.3,26-DEC-2016,46,INE227G01018,
INDRAMEDCO,EQ,51.2,51.7,50.55,50.85,50.8,51.2,75151,3818601.05,26-DEC-2016,1206,INE681B01017,
INDSWFTLAB,EQ,36.25,36.3,34.65,34.75,34.75,35.7,9984,348672.85,26-DEC-2016,149,INE915B01019,
INDSWFTLTD,EQ,5.15,5.8,5.15,5.35,5.45,5.65,12028,65088.35,26-DEC-2016,53,INE788B01028,
INDTERRAIN,EQ,143,143,136.3,139.1,136.8,142.2,12304,1732215.7,26-DEC-2016,277,INE611L01021,
INDUSINDBK,EQ,1061,1064.5,1048.8,1060.5,1064,1062,705664,745959560.85,26-DEC-2016,31396,INE095A01012,
INEOSSTYRO,EQ,577,577.85,565.1,575.15,575,580,2186,1252006.7,26-DEC-2016,172,INE189B01011,
INFIBEAM,EQ,1162,1230.4,1153.9,1159.4,1158,1160.75,306478,358486226.05,26-DEC-2016,8704,INE483S01012,
INFINITE,EQ,231.3,234.8,219.25,221.2,219.5,234.85,14585,3300377.7,26-DEC-2016,681,INE486J01014,
INFOMEDIA,EQ,5.2,5.2,4.75,5.05,4.95,5.05,6467,31939.75,26-DEC-2016,44,INE669A01022,
INFRABEES,EQ,268.4,269.46,266.67,269.15,269.15,269.61,970,260926.79,26-DEC-2016,11,INF732E01268,
INFRATEL,EQ,336.5,339,325.1,326.85,327.35,336.4,1358368,448925545,26-DEC-2016,30255,INE121J01017,
INFY,EQ,988,994,975.1,982.75,983.35,988.45,1606914,1580049959.65,26-DEC-2016,47565,INE009A01021,
INGERRAND,EQ,654,661.85,651,651.65,653.9,662.2,2024,1324331.9,26-DEC-2016,245,INE177A01018,
INOXLEISUR,EQ,225,233,222,227.9,227.5,222.6,197507,44828904,26-DEC-2016,2973,INE312H01016,
INOXWIND,EQ,183.7,184.7,180,181.35,180.65,185.05,133507,24374129.25,26-DEC-2016,4408,INE066P01011,
INSECTICID,EQ,477.8,484.4,466.6,475.15,471,482.3,11675,5539542.45,26-DEC-2016,550,INE070I01018,
INTELLECT,EQ,136.05,136.3,129.35,130,129.8,136.25,505959,66338424.15,26-DEC-2016,9233,INE306R01017,
INVENTURE,EQ,14.25,14.5,14.1,14.25,14.25,14.85,2027,28972.25,26-DEC-2016,24,INE878H01016,
IOB,EQ,24.8,24.95,24.1,24.15,24.15,24.9,381695,9318575.8,26-DEC-2016,1114,INE565A01014,
IOC,EQ,312.5,313.5,307.05,307.95,308,313.25,1639608,505755525.7,26-DEC-2016,19882,INE242A01010,
IOLCP,EQ,94,94,89,90.4,90.35,94.25,22277,2026401.3,26-DEC-2016,480,INE485C01011,
IPAPPM,EQ,300.1,300.1,284.95,291.85,291,295.85,11299,3277255.1,26-DEC-2016,473,INE435A01028,
IPCALAB,EQ,530,537.25,515,522.55,522,529.8,27596,14426667.35,26-DEC-2016,1452,INE571A01020,
IRB,EQ,198,198.4,188,188.95,188.1,198.55,1170528,224917013.85,26-DEC-2016,11298,INE821I01014,
IRFC,N1,1102.79,1102.79,1096.03,1098.18,1098.2,1100,7058,7757507.77,26-DEC-2016,19,INE053F07520,
IRFC,N2,1177.5,1180,1174.99,1180,1180,1173.71,1409,1657182.45,26-DEC-2016,11,INE053F07538,
IRFC,N9,1225,1225,1225,1225,1225,1137.45,50,61250,26-DEC-2016,2,INE053F07678,
IRFC,NC,1552,1552,1552,1552,1552,1294.34,100,155200,26-DEC-2016,1,INE053F07728,
IRFC,NJ,1140,1142,1140,1142,1142,1140,304,347028,26-DEC-2016,4,INE053F07835,
IRFC,NK,1188.8,1189,1188.8,1189,1189,1189,144,171196,26-DEC-2016,5,INE053F07843,
IRFC,NO,1153.26,1158.7,1152.3,1158.7,1158.7,1153.26,545,629917.5,26-DEC-2016,12,INE053F07900,
ISFT,EQ,408.45,410.1,387.05,391.1,388.05,414.1,10834,4291707.65,26-DEC-2016,604,INE566K01011,
ISMTLTD,EQ,8.2,8.65,8.2,8.25,8.25,8.5,13273,110213.2,26-DEC-2016,66,INE732F01019,
ITC,EQ,224.9,225.85,222,225,225.4,224.7,8735299,1960280819.2,26-DEC-2016,106763,INE154A01025,
ITDCEM,EQ,142,146.5,142,144.05,145,142.75,98485,14240320.9,26-DEC-2016,1611,INE686A01026,
ITI,EQ,42.7,45.8,42.55,43.45,43.3,43,1199889,53303732.5,26-DEC-2016,6043,INE248A01017,
IVC,EQ,14.2,14.5,14.1,14.2,14.25,14.2,146771,2085786.9,26-DEC-2016,267,INE050B01023,
IVP,EQ,121,121,118.3,119.6,119.5,121.95,1636,195866.3,26-DEC-2016,46,INE043C01018,
IVRCLINFRA,EQ,4.25,4.25,4.1,4.15,4.15,4.25,411687,1700700.25,26-DEC-2016,450,INE875A01025,
IZMO,EQ,45.5,45.5,44.25,44.65,44.35,45.8,12394,554873.6,26-DEC-2016,169,INE848A01014,
J&KBANK,EQ,60.1,60.45,58.1,58.45,58.55,60.35,395050,23286524.6,26-DEC-2016,3030,INE168A01041,
JAGRAN,EQ,168.95,168.95,165,165.55,165.5,168.2,28418,4702630.05,26-DEC-2016,1526,INE199G01027,
JAGSNPHARM,EQ,33.45,34.7,32.5,33.15,33.05,33.95,3673,122417,26-DEC-2016,87,INE048B01027,
JAIBALAJI,EQ,11.3,11.95,11.25,11.25,11.25,11.8,9386,105700.05,26-DEC-2016,37,INE091G01018,
JAICORPLTD,EQ,68.15,71.4,67.55,67.9,68.3,65.6,2718310,188133897.2,26-DEC-2016,17304,INE070D01027,
JAIHINDPRO,EQ,5.55,5.55,5.55,5.55,5.55,4.7,400,2220,26-DEC-2016,2,INE343D01010,
JAMNAAUTO,EQ,158.2,164.65,155.25,160.05,160.5,160.2,204173,32796253.9,26-DEC-2016,4504,INE039C01024,
JAYAGROGN,EQ,525,533.8,502.65,502.65,502.65,529.1,28317,14308715.65,26-DEC-2016,1033,INE785A01026,
JAYBARMARU,EQ,280,282,260,261.75,263.95,271.8,17034,4498055.2,26-DEC-2016,1015,INE571B01028,
JAYNECOIND,EQ,6.8,7.15,6.8,7,6.95,7,7995,55645.1